[
  {
    "model": "sessions.session",
    "pk": "0xjj4b6o415nqfrtsv6enlff16u8ll1d",
    "fields": {
      "session_data": ".eJwVi0EOhCAQBP8y51UC6sXjfoSMMJIxK7I4Hozh78KlU-nqfsBhFutR0B7LBvMDpoWw_Ahm-GKMGPGED_zlroWulDK7JivyjqGh2skzquukbLVK-fCXk04Pnem3FNqHfZ2ZSdM0BlpWKKW8zRAnKg:1ops4e:k6Iyy55ihg92uduEDdi1JYPUNFl8iJ8unZd0WWLB3B0",
      "expire_date": "2022-11-15T14:17:04.112Z"
    }
  },
  {
    "model": "sessions.session",
    "pk": "180xhprsgw69rikkju8h59ua03v9tkdv",
    "fields": {
      "session_data": ".eJyVjcsKwjAQRf9l1o0h1VWX-iFhmoQ6pXmYThZS8u8mO0FQ3AxnuPdyDjCYWVtk1HFeYTrg0g8Tbw4muGHOkXcY4MHP9qtGKZPpWUPyuHSU3llCWXaXtZJ8L34OSJtQpzUtfUL2Z6sOML6rrxgCBvzTnXK0xbBQZzF-kX_Uaq0v8uVVeA:1opqfR:WYQPRBXg6KgMHcshebpwL5mjYSf9HC0VA04j131_VHI",
      "expire_date": "2022-11-15T12:46:57.473Z"
    }
  },
  {
    "model": "sessions.session",
    "pk": "4qavbtorimlc7i8dmvfwt4dxws3pi7xp",
    "fields": {
      "session_data": ".eJxVjEEOwiAQRe_C2hCgDI4u3fcMhIGpVA0kpV0Z725JutDtf-_9t_BhW7PfGi9-TuIqtDj9bhTik0sH6RHKvcpYy7rMJLsiD9rkWBO_bof7d5BDy3sNrKwFMtECY7oQTozxjHFwwMYCpCEoJB1Q085ITQ6cSQzouqec-HwB5O435g:1okPhk:PWs2cVcuGx2CjvZgnXpgI2xNjjRXWW7jLinuos92ge0",
      "expire_date": "2022-10-31T12:58:52.100Z"
    }
  },
  {
    "model": "sessions.session",
    "pk": "7l7j4oyhena42skc6qxnxp632u9tfo58",
    "fields": {
      "session_data": ".eJx9kMFuhCAQhl-l4awIKJZ63ENvTfoGZoBRsYoW8dBsfPfiZg-7SdPLJMz_zXwTrqSFPQ7tvmFonSUN4SR77GkwX-jPwI7g-4WaxcfgND0Rek83-rFYnC539mnBANuQpiWyqpJamEqism9adajMqzJlLVFUUtoSmNIcFNcp06yrZS0sSlWfHKvTUgMhthYitIseSXNNp6YSXZwwCd4DbsPLJ0JI6Hf8IQ3PyBqcOUPOKGOp72boz3cxo3VQ3A7kRRz2WXtwU845Hdc-gevtL4TtrRDQ844cGRGPugt4Dx62P2TyP9caFrubmPMyF88uyVFWPerkOo5fWOiAIA:1orz8f:sGRvAjAd377ZBQhewIByQgrMynVxzYxmRgYSA_SMHnw",
      "expire_date": "2022-11-21T10:13:57.253Z"
    }
  },
  {
    "model": "sessions.session",
    "pk": "7praitr3nkqxrrdfl86l9o0kl3a9e8vu",
    "fields": {
      "session_data": ".eJyNk91uozAQhV8FcV0T22BiehfatGrVSNtUu3uJxvYYyA-khES7qvLui0lUhSqp9sbCnpkz3xybD19D02YGWshqtfBvP3zG3dqW7Qr9W_--3qkVeimi9R6aEo2ni1IvsfJS0HXl3_jv7d8uL-6-Nk2pXQ0bB0nS7cs15G4_WqMpYbTbYpOxETKkBhPklIMeR2GiOMRM0kTHWnILwWKTO7HSdKU8NzY0OeTMP9z4LDpHe9tAqwtd66WXpq_e3ZHrk4idE9EgkVeJtp9CRKl3chqQrMuK8AFNhFyE1qgi72nEOc28s-YXrvbYenewxIsYUgZJeBWjQUP2vQLRnQJpUJcbJG-vPyfz6YAjNLYIlQHeuzIw5XhHc9fvohGCBpReRZjmObFOgbj8L9OHhSgKtOY4fXjeNe14zX_cAv3uYTDx_ONx_vTywsi6VuUKZ7BtsZm04R-y_4LCGChuhUWHwocoFVQVeGmDYC5icPqtB70AkL6ePM0mj9PTynm2jOe_Z_v74RMVDEWUo7L-oYPJYNcWWa_Vh13nszMFzh4XMAuo8jrofqK2KVXgUoJTdBvMaoOr9JQ7EChgW3TVAmkUCcV1JFCaREmLUo-lDmOBPBLChEClYiCZ6mKK2ljE3KCQscujsX_4Bw5VOEY:1ovHOk:JLEpfaGkkJg2gh-2VhijOla8fKaefOW-N0QIcJEmazU",
      "expire_date": "2022-11-30T12:20:10.839Z"
    }
  },
  {
    "model": "sessions.session",
    "pk": "b44v6lkhlkfpkx8tt2chd4jankb6riye",
    "fields": {
      "session_data": ".eJxVjEEOwiAQRe_C2pBSGBhduu8ZyDADUjVtUtqV8e7apAvd_vfef6lI21rj1vISR1EXBer0uyXiR552IHeabrPmeVqXMeld0QdtepglP6-H-3dQqdVvbcgRiBRGZOpzQDgX5GLZGUjGAnjuU0EU640zXqRHZzsKELrkAFi9P_XlN6k:1ogxJA:icfo5_g1fAX9D26i1Fk-9NdkDgBvo0cJhl7WiErweuA",
      "expire_date": "2022-10-22T00:03:12.762Z"
    }
  },
  {
    "model": "sessions.session",
    "pk": "bzfgh3ah306smzr6d4m5o82ihqe5nn8z",
    "fields": {
      "session_data": ".eJxVjEEOwiAQRe_C2hCgDI4u3fcMhIGpVA0kpV0Z725JutDtf-_9t_BhW7PfGi9-TuIqtDj9bhTik0sH6RHKvcpYy7rMJLsiD9rkWBO_bof7d5BDy3sNrKwFMtECY7oQTozxjHFwwMYCpCEoJB1Q085ITQ6cSQzouqec-HwB5O435g:1osoDH:LkJgVjrN1NonHMSxoqbgkHRwOt1TLm21ztOYQERyCCU",
      "expire_date": "2022-11-23T16:46:07.436Z"
    }
  },
  {
    "model": "sessions.session",
    "pk": "cki7a1l7x3xrh14z2zj7fqgnx9t581yv",
    "fields": {
      "session_data": ".eJxVjEEOwiAQRe_C2hCgDI4u3fcMhIGpVA0kpV0Z725JutDtf-_9t_BhW7PfGi9-TuIqtDj9bhTik0sH6RHKvcpYy7rMJLsiD9rkWBO_bof7d5BDy3sNrKwFMtECY7oQTozxjHFwwMYCpCEoJB1Q085ITQ6cSQzouqec-HwB5O435g:1oknhC:0PN8urROu1-UeMole2gyS7qSsnePn1iJd1Jea4v-W7M",
      "expire_date": "2022-11-01T14:35:54.594Z"
    }
  },
  {
    "model": "sessions.session",
    "pk": "e93fu636rbnv675lkqdhn6si8gburdy0",
    "fields": {
      "session_data": ".eJwVi0EOhCAQBP8y51UC6sXjfoSMMJIxK7I4Hozh78KlU-nqfsBhFutR0B7LBvMDpoWw_Ahm-GKMGPGED_zlroWulDK7JivyjqGh2skzquukbLVK-fCXk04Pnem3FNqHfZ2ZSdM0BlpWKKW8zRAnKg:1opqtr:LSl-kN98EWI_7SzV-Kr-HYhwOlJkd6NRNf7h1dvlR_U",
      "expire_date": "2022-11-15T13:01:51.793Z"
    }
  },
  {
    "model": "sessions.session",
    "pk": "iv8zetp9k1cgofnd6nxoqqx2khw9v6vb",
    "fields": {
      "session_data": ".eJxVjDsOwjAQBe_iGlneBP8o6XMGy-td4wCypTipEHeHSCmgfTPzXiLEbS1h67yEmcRFwChOvyPG9OC6E7rHemsytbouM8pdkQftcmrEz-vh_h2U2Mu3Rvaek9La0egzejY6ewV6PEdrKIGGiNmSIw1EyhgLmIdEQI5xyMmI9wcZfzjU:1pFhhs:kjR8f9RbKlFn4jWZnLkD4vBj7MO2ZU5VochG6ynai0s",
      "expire_date": "2023-01-25T20:28:20.636Z"
    }
  },
  {
    "model": "sessions.session",
    "pk": "kmvwprabyce9hftyvvl0ngi38kbyjsth",
    "fields": {
      "session_data": ".eJxVjEEOwiAQRe_C2hCgDI4u3fcMhIGpVA0kpV0Z725JutDtf-_9t_BhW7PfGi9-TuIqtDj9bhTik0sH6RHKvcpYy7rMJLsiD9rkWBO_bof7d5BDy3sNrKwFMtECY7oQTozxjHFwwMYCpCEoJB1Q085ITQ6cSQzouqec-HwB5O435g:1omChw:xUlK9AbL19ZkNLCJmmfMBKj6kq6O-tbk0H8CmO9AQHE",
      "expire_date": "2022-11-05T11:30:28.128Z"
    }
  },
  {
    "model": "sessions.session",
    "pk": "lh6t0yl43hrju9mw9uvtce97lmlt6g08",
    "fields": {
      "session_data": ".eJwVikEOgyAQRe8yay2B6oZlL0JGGMmYihTHhTHcvbB5-Xn_PeCxiAso6I5lA_uA6RCWL4GFD6aECU8Y4Cc3WD1ALuz71RTvGPtUOwVGdZ1UnFa5HOHyMur3aF5bji3MHFpmZk3zFGlZodb6B5jZJuY:1ops6L:6OogYGQt8H84NnNs1qp2rwBMKNbRW-GqHz858CbIcRI",
      "expire_date": "2022-11-15T14:18:49.327Z"
    }
  },
  {
    "model": "sessions.session",
    "pk": "mfrmr91nofv46vpkno10uv0cbb7olizc",
    "fields": {
      "session_data": ".eJx9kL1uwjAUhV8FecbBduzUsJVOrdqlS8fo-idxaLDTxBkQ4t0bIyqRClg8nHPu_e7xEZUwRleOg-3LxqANomh5rSnQ39Ynw-zA1yHTwce-UVmKZBd3yD6Cse32kp0tcDC4aVpYwrlQTHNhpVkrWVmpn6TOC2EZF8LkQKSiIKmaPEWqQhTMWCGLlCPFtFRDH0sDEcqgdmhzRDw9sYmtnQAv0PchDlPuJx4uPbq-0ckThGSETEKzhzoJq701DazOB9JVdONeeWhaTLNdV6fB81fkTjhnK-NqdFqi_Jq2DeaweA-xCf4mkU7E9fouseuDGXXE8j-RUlCsEpVNRDYjgvfg4U7BR_X-YDTHbEZjglrBa6uqRCuuaW-hbUO1-EzrbwHzh_W-HMThuevwa7IxI4xgyjDjGCJmLGM0E2J2Cs_5VL3W1KHT6fQLIHHJgg:1os6L4:QYKye0y4o2BLl5xhNeaX4bFnt-zO5O0siQ1x5IgK1Y8",
      "expire_date": "2022-11-21T17:55:14.041Z"
    }
  },
  {
    "model": "sessions.session",
    "pk": "mzctccsbslqu0z73fntz69akxs9ow2te",
    "fields": {
      "session_data": ".eJxVjjFyxCAMRe9CvcFgAyFbJnXOwAiQDY5tNhgXmR3fPbCzRdJopP_-l3QnDnIxHgqYZGdyvRPRSollQXIlH5BzKju5kO_yU2deu1uOrjHJGGWsCnGFqQndij5Cd-yYDe9KOFa7QVxeOJ1vUwtGX11DkCHg6MNEzvNCDBwlmEfmgduFP5oF94VbA36GbUrUpa3kaGmz0Cfd6WfyuLw_vf8WBNhDexaZENL2TkjU_s3qEbV71W5QEnshpR-AactBc1uZZaOSqvcotWo-psj5C9hqX_k:1oreIY:nFO91v1xwCRv5ItadrI9ShjN1ciLntk8aQWafq2sQH4",
      "expire_date": "2022-11-20T11:58:46.107Z"
    }
  },
  {
    "model": "sessions.session",
    "pk": "niv8u09psbyqlbzqbc9y3qeabmdxyt8m",
    "fields": {
      "session_data": ".eJyrVkpOLCqJT0ksSYzPT8pSsqpWMgIRJZklOalKVkpOiXl5iXmJxUo6SoUllUpWhjpKBUWZySApUz0DA6VaHSVDZPVuRanFGQoBqYlFMB1AeYQeQwOoJhNkTc6JRUX5JcVYdZgaQLTU1gIAgZUyVA:1omyUL:rrKDgGisxyBZ_XXdZI0LcK0suU9kFjTPPEzSj8JCtTc",
      "expire_date": "2022-11-07T14:31:37.505Z"
    }
  },
  {
    "model": "sessions.session",
    "pk": "of0q4d8zpse7pdba6coo1k84mmwji0fm",
    "fields": {
      "session_data": ".eJyNj88KgzAMh19Fcq5_qhtMjxvstMPeQDJbXGW2rsaDSN999uBwILhLIOT3JV8mqNBSKZCwNI8GigkOvpCil4QCLmitoR4YvGmEgjPorKr85JgkUZKAY8DXwNXK_hncJdoNhi9IukbOqDVq_B6ZF67OeIKBarH2bdxKoTAeemlLHnfWiKGikGdhGjVd7Tkl9mOzQfZjYMQY3Awpozcl-Pxrnu9qnEL-h8WScs59AB79dGk:1opqbI:NqmGuTHLXePTeTOiGNextcgu8UK2acEgA8zTw6-LxX4",
      "expire_date": "2022-11-15T12:42:40.255Z"
    }
  },
  {
    "model": "sessions.session",
    "pk": "q9zhrpsfrt4gj6w97yoh7c2zgshryulf",
    "fields": {
      "session_data": ".eJxVjEEOwiAQRe_C2hCgDI4u3fcMhIGpVA0kpV0Z725JutDtf-_9t_BhW7PfGi9-TuIqtDj9bhTik0sH6RHKvcpYy7rMJLsiD9rkWBO_bof7d5BDy3sNrKwFMtECY7oQTozxjHFwwMYCpCEoJB1Q085ITQ6cSQzouqec-HwB5O435g:1olRF8:KxCQvTAj8npAL-2pzB6kxsdZpoy3v3OWhJ7BuRBpn_s",
      "expire_date": "2022-11-03T08:49:34.095Z"
    }
  },
  {
    "model": "sessions.session",
    "pk": "skbv7qmu7i58ts7vmt1vbu55jf4cpoob",
    "fields": {
      "session_data": ".eJxVjEEOwiAQRe_C2pApHUZw6d4zEIZBqRpISrsy3l2bdKHb_977LxXiupSw9jyHSdRJeXX43TimR64bkHust6ZTq8s8sd4UvdOuL03y87y7fwcl9vKtHUceKWNyo2fxSMZIoit5slYQCMG5RHBEZDDejGTBRiGbBhwgO6_eH856NpU:1osoG2:vaPKQ-he8U70Db_C1EDGYkY4kcAfMuIbCv7KGbajsVc",
      "expire_date": "2022-11-23T16:48:58.464Z"
    }
  },
  {
    "model": "sessions.session",
    "pk": "ttx0o406w1g6lipbz9r4208lcz1vosor",
    "fields": {
      "session_data": ".eJyFkLFuwyAQhl8lYo4JYOOSjBk6tVLfwDrgbJMm4GI8RJHfvSaKonhpF8Td9x-fjhsxEFNjIUET9IkcboTnI7l0RnIg7xHHfvOFEMmW_KTr0iqX2xCdyZgzythSuwt0ud5d0DrYTSPGhu9SP120B3cuOKenocuDzi4xYTsrBHS8JfOWiFfhEbwHD-NTV73o5F-2IQY7mVTwshBrm-Qoqw713VaubMFeNx8hueCfQrHaj9H9_l-lKtb7lZyDFq1skcyLsoEp9c195o45WfU0mG_0GdgT-C5QE3yKTtMcoQ860s9g8Xx8ZFcP9DD2-XeQVZXUwlQSld1r1aIyb8qUtURRSWlLYEpzUFwvTLO2lrWwKFWdc6wm8y_qjqJU:1opu0c:LaMuUn2cVsjAZCsECuGozI1R1rQN-HOiEf3GMTx7WbU",
      "expire_date": "2022-11-15T16:21:02.953Z"
    }
  },
  {
    "model": "sessions.session",
    "pk": "ub2zl4v2rsll0futb7su1pv9wepa439u",
    "fields": {
      "session_data": ".eJxVjEEOwiAQRe_C2hCgDI4u3fcMhIGpVA0kpV0Z725JutDtf-_9t_BhW7PfGi9-TuIqtDj9bhTik0sH6RHKvcpYy7rMJLsiD9rkWBO_bof7d5BDy3sNrKwFMtECY7oQTozxjHFwwMYCpCEoJB1Q085ITQ6cSQzouqec-HwB5O435g:1ojr1p:QQKUPd9rPHeqdmH5D83bNuPWYC529AzlFt1rAJ2me9Y",
      "expire_date": "2022-10-29T23:57:17.528Z"
    }
  },
  {
    "model": "sessions.session",
    "pk": "vhxedf17mcstmle73tv2cd083qxu79lf",
    "fields": {
      "session_data": ".eJx9jsFygyAURf-FdaKgYGmW6brf4DzgKVgFi7joZPz3QiaLZNFuGLjnvne4EQ0x9QYS9EFN5HIjvBzJpRnJhXxAjCFt5ES-009-s3xbo9OFCUorSnPgFhhLUC9oHNT7hrFndbL7ojy4-cyqaR3LoDO51VphLQ7GjuQ4kebZdgXvwcMfuv9kawxm1-nM2nPzYmsEQ8FHVAM5sq6HPdn-PnTHRfCUKdBf6AswE_gxVDr4FJ2qSqV60K36DAbn66P7ssDCZstfkXIuVKO5QGnelRxQ6jep205gw4UwLVCpGEimMlN06ETXGBSyKz3akeMXvmeAZg:1orJ5h:1INQ7OJxcAuttsMUuhzylqMvUC6I6WzcyPZOI3hhdaI",
      "expire_date": "2022-11-19T13:20:05.838Z"
    }
  },
  {
    "model": "sessions.session",
    "pk": "wbsduesvgp9jphkt5ekl0a7syhktd5h9",
    "fields": {
      "session_data": ".eJxVjEsKwjAUAO-StYT0xcbEpfueobxfbFUSaNqVeHcpdKHbmWHeZsRtncat6TLOYq6m8-b0Cwn5qWU38sByr5ZrWZeZ7J7YwzY7VNHX7Wj_BhO2af92DEIgmBwnJhdSOkvvOg75AkHZR9BIGjywco6OogfkwKjU5wxsPl8YzjkZ:1pWcgX:_VQe1NVpuIPcAns_dwWHhp0USuTlGglcjd58ZbK8hOs",
      "expire_date": "2023-03-13T12:32:53.632Z"
    }
  },
  {
    "model": "sessions.session",
    "pk": "wdektoa1frxlamj8z5z5zazc587bf2tu",
    "fields": {
      "session_data": ".eJxVjEEOwiAQAP_C2ZDCugU8evcNZGFBqgaS0p6MfzckPeh1ZjJv4Wnfit97Wv3C4iKUOP2yQPGZ6hD8oHpvMra6rUuQI5GH7fLWOL2uR_s3KNTL2ILTmDEkgzYgJAbDSiHMjGegbCzZBETzRKyJWXM2LhsdUVk3AWTx-QLbMzfY:1ogbEk:obKYM7tY5QK1iYob5yoKppK4bXpQPWj44_-ruH-Ommo",
      "expire_date": "2022-10-21T00:29:10.609Z"
    }
  },
  {
    "model": "sessions.session",
    "pk": "weoxecow27ol4h70m63t84lpaxiw31mg",
    "fields": {
      "session_data": "eyJjYXJ0X2RhdGFfb2JqIjp7IjIiOnsidGl0bGUiOiJCYW5uYW5hcyIsInF0eSI6IjEiLCJwcmljZSI6IjUuMDAifX19:1omyL5:wxdwR6QBa6fLmhXGbAKlbvgVJB9Ear1WoyuRf3tnHpo",
      "expire_date": "2022-11-07T14:22:03.702Z"
    }
  },
  {
    "model": "sessions.session",
    "pk": "wg1k3kdlrywuq4e84z60ihxdo8e89fkv",
    "fields": {
      "session_data": ".eJx9kl9vmzAUxb9KxHMuwTZmpG-lWrdUjbZllfoYXfAFOyE4A6f7U-W7z87yEKamLxbmHs753SNeozUenF4fBurXRkU3EYuml-9KrLbUhYHaYNfYuLKd600ZB0l8ng7x0ipqi7N2ZKBx0P5rSUmaypJXqaRczcu8prz6kFcik8RTKZXAJC8Z5qz0szKpM5lxRTLPgi7JvGmFvVsrdLi25Sa6efWo_nDGteQDih7_mLY12E0K3JKa3BsfPI1-uN_nrfa9qYJSJHGS-LvZYRPusx0pg7MTLZt9tj_hycKdtVt41rYlCEaw6OBJE3x5oQ5O_rCyODjnH5aozb9jRZXZE_B4s29C4KlQrhrFOTasjo7TSIyYT6BF8W1yp03o7k1eliTxfH4VmMmHr59Wi8dHBjtbmpaWnov6Wyd-wcsYRTCGJa9lTQElvUS5741HWYXENxnku6V9bBqogwME_X8FCC21plrpJqTKy9Tvh0GbK0vH8-xqnrY72qEiGIIBnETj0hsUyodWImRml5kPtm1tPV5VjH-Pd9p-1uiG2_0eFmEMPOEJMA48BXTAecxZLOUIJRWpr72pmI6Ox-NfVpMPYw:1ovRGc:SV9H8G1RRdwS7j0PI9zDv0Q6zKCCEverSg6St0KrFXs",
      "expire_date": "2022-11-30T22:52:26.238Z"
    }
  },
  {
    "model": "sessions.session",
    "pk": "y0gulcb7xt76v4puwkx5g06zt67avrzq",
    "fields": {
      "session_data": ".eJw1jLEOwyAMRH-l8lyCqJpKZGw_BDlgEaIkpMQdqoh_rxnq4eQ73b0TPBZ2ARldHmcYTrBNOPFCMMBryj4vyHR5FsIAV3jzV3Ij316Sbx3Td9aKTyvG5vVKIaH-HFSc0TeVtlgkoY2V_-PU2HDqgd28x8ZKQZZ30xsvFyeotf4AX94yNg:1pOKNW:wKP6wZxwW9xwqd93KMgy-ewyMq6k25_qKsM1P7HCpkQ",
      "expire_date": "2023-02-18T15:22:58.462Z"
    }
  },
  {
    "model": "sessions.session",
    "pk": "ynj2hw61ogmwfsah110yvs89i3qkj1ik",
    "fields": {
      "session_data": ".eJxVjEsKwjAUAO-StYT0xcbEpfueobxfbFUSaNqVeHcpdKHbmWHeZsRtncat6TLOYq6m8-b0Cwn5qWU38sByr5ZrWZeZ7J7YwzY7VNHX7Wj_BhO2af92DEIgmBwnJhdSOkvvOg75AkHZR9BIGjywco6OogfkwKjU5wxsPl8YzjkZ:1pWabJ:z7Nms54vxIxnMbwC_pmddgLURUxSNumISiT_6Rqcqs4",
      "expire_date": "2023-03-13T10:19:21.150Z"
    }
  },
  {
    "model": "taggit.tag",
    "pk": 1,
    "fields": { "name": "creams", "slug": "cream" }
  },
  {
    "model": "taggit.tag",
    "pk": 4,
    "fields": { "name": "fruits", "slug": "fruits" }
  },
  {
    "model": "taggit.tag",
    "pk": 6,
    "fields": { "name": "cloths", "slug": "cloths" }
  },
  {
    "model": "taggit.tag",
    "pk": 8,
    "fields": { "name": "vegetable", "slug": "vegetable" }
  },
  {
    "model": "taggit.tag",
    "pk": 9,
    "fields": { "name": "food", "slug": "food" }
  },
  {
    "model": "taggit.tag",
    "pk": 10,
    "fields": { "name": "sushi", "slug": "sushi" }
  },
  {
    "model": "taggit.tag",
    "pk": 11,
    "fields": { "name": "jollof-rice", "slug": "jollof-rice" }
  },
  {
    "model": "taggit.tag",
    "pk": 12,
    "fields": { "name": "pizza", "slug": "pizza" }
  },
  {
    "model": "taggit.tag",
    "pk": 13,
    "fields": { "name": "Noddles", "slug": "noddles" }
  },
  {
    "model": "taggit.tag",
    "pk": 14,
    "fields": { "name": "Ramen", "slug": "ramen" }
  },
  {
    "model": "taggit.tag",
    "pk": 15,
    "fields": { "name": "chocolate", "slug": "chocolate" }
  },
  {
    "model": "taggit.tag",
    "pk": 16,
    "fields": { "name": "milkshake", "slug": "milkshake" }
  },
  {
    "model": "taggit.tag",
    "pk": 17,
    "fields": { "name": "cakes", "slug": "cakes" }
  },
  {
    "model": "taggit.tag",
    "pk": 18,
    "fields": { "name": "vanilla", "slug": "vanilla" }
  },
  {
    "model": "taggit.tag",
    "pk": 19,
    "fields": { "name": "burger", "slug": "burger" }
  },
  {
    "model": "taggit.tag",
    "pk": 21,
    "fields": { "name": "chicken", "slug": "chicken" }
  },
  { "model": "taggit.tag", "pk": 45, "fields": { "name": "y", "slug": "y" } },
  { "model": "taggit.tag", "pk": 46, "fields": { "name": "e", "slug": "e" } },
  { "model": "taggit.tag", "pk": 47, "fields": { "name": "k", "slug": "k" } },
  { "model": "taggit.tag", "pk": 48, "fields": { "name": "r", "slug": "r" } },
  { "model": "taggit.tag", "pk": 49, "fields": { "name": "d", "slug": "d" } },
  { "model": "taggit.tag", "pk": 50, "fields": { "name": "l", "slug": "l" } },
  {
    "model": "taggit.tag",
    "pk": 51,
    "fields": { "name": ",", "slug": "test" }
  },
  { "model": "taggit.tag", "pk": 52, "fields": { "name": "m", "slug": "m" } },
  { "model": "taggit.tag", "pk": 53, "fields": { "name": "s", "slug": "s" } },
  { "model": "taggit.tag", "pk": 54, "fields": { "name": "t", "slug": "t" } },
  { "model": "taggit.tag", "pk": 55, "fields": { "name": "o", "slug": "o" } },
  { "model": "taggit.tag", "pk": 56, "fields": { "name": "i", "slug": "i" } },
  { "model": "taggit.tag", "pk": 57, "fields": { "name": "a", "slug": "a" } },
  { "model": "taggit.tag", "pk": 58, "fields": { "name": "c", "slug": "c" } },
  { "model": "taggit.tag", "pk": 59, "fields": { "name": "p", "slug": "p" } },
  { "model": "taggit.tag", "pk": 60, "fields": { "name": "ok", "slug": "_1" } },
  { "model": "taggit.tag", "pk": 61, "fields": { "name": "g", "slug": "g" } },
  { "model": "taggit.tag", "pk": 62, "fields": { "name": "n", "slug": "n" } },
  { "model": "taggit.tag", "pk": 63, "fields": { "name": ">", "slug": "_2" } },
  { "model": "taggit.tag", "pk": 64, "fields": { "name": "[", "slug": "_3" } },
  { "model": "taggit.tag", "pk": 65, "fields": { "name": "]", "slug": "_4" } },
  { "model": "taggit.tag", "pk": 66, "fields": { "name": "h", "slug": "h" } },
  { "model": "taggit.tag", "pk": 67, "fields": { "name": "T", "slug": "t_1" } },
  { "model": "taggit.tag", "pk": 68, "fields": { "name": "<", "slug": "_5" } },
  { "model": "taggit.tag", "pk": 69, "fields": { "name": ":", "slug": "_6" } },
  {
    "model": "taggit.taggeditem",
    "pk": 1,
    "fields": { "tag": 1, "content_type": ["core", "product"], "object_id": 3 }
  },
  {
    "model": "taggit.taggeditem",
    "pk": 6,
    "fields": { "tag": 1, "content_type": ["core", "product"], "object_id": 1 }
  },
  {
    "model": "taggit.taggeditem",
    "pk": 9,
    "fields": { "tag": 6, "content_type": ["core", "product"], "object_id": 1 }
  },
  {
    "model": "taggit.taggeditem",
    "pk": 10,
    "fields": { "tag": 8, "content_type": ["core", "product"], "object_id": 4 }
  },
  {
    "model": "taggit.taggeditem",
    "pk": 13,
    "fields": { "tag": 9, "content_type": ["core", "product"], "object_id": 5 }
  },
  {
    "model": "taggit.taggeditem",
    "pk": 14,
    "fields": { "tag": 10, "content_type": ["core", "product"], "object_id": 5 }
  },
  {
    "model": "taggit.taggeditem",
    "pk": 15,
    "fields": { "tag": 9, "content_type": ["core", "product"], "object_id": 6 }
  },
  {
    "model": "taggit.taggeditem",
    "pk": 16,
    "fields": { "tag": 11, "content_type": ["core", "product"], "object_id": 6 }
  },
  {
    "model": "taggit.taggeditem",
    "pk": 17,
    "fields": { "tag": 9, "content_type": ["core", "product"], "object_id": 7 }
  },
  {
    "model": "taggit.taggeditem",
    "pk": 18,
    "fields": { "tag": 12, "content_type": ["core", "product"], "object_id": 7 }
  },
  {
    "model": "taggit.taggeditem",
    "pk": 19,
    "fields": { "tag": 13, "content_type": ["core", "product"], "object_id": 8 }
  },
  {
    "model": "taggit.taggeditem",
    "pk": 20,
    "fields": { "tag": 14, "content_type": ["core", "product"], "object_id": 8 }
  },
  {
    "model": "taggit.taggeditem",
    "pk": 21,
    "fields": {
      "tag": 16,
      "content_type": ["core", "product"],
      "object_id": 10
    }
  },
  {
    "model": "taggit.taggeditem",
    "pk": 22,
    "fields": {
      "tag": 15,
      "content_type": ["core", "product"],
      "object_id": 10
    }
  },
  {
    "model": "taggit.taggeditem",
    "pk": 23,
    "fields": { "tag": 9, "content_type": ["core", "product"], "object_id": 11 }
  },
  {
    "model": "taggit.taggeditem",
    "pk": 24,
    "fields": {
      "tag": 18,
      "content_type": ["core", "product"],
      "object_id": 11
    }
  },
  {
    "model": "taggit.taggeditem",
    "pk": 25,
    "fields": {
      "tag": 17,
      "content_type": ["core", "product"],
      "object_id": 11
    }
  },
  {
    "model": "taggit.taggeditem",
    "pk": 26,
    "fields": {
      "tag": 19,
      "content_type": ["core", "product"],
      "object_id": 12
    }
  },
  {
    "model": "taggit.taggeditem",
    "pk": 29,
    "fields": {
      "tag": 21,
      "content_type": ["core", "product"],
      "object_id": 13
    }
  },
  {
    "model": "taggit.taggeditem",
    "pk": 36,
    "fields": {
      "tag": 17,
      "content_type": ["core", "product"],
      "object_id": 15
    }
  },
  {
    "model": "taggit.taggeditem",
    "pk": 37,
    "fields": {
      "tag": 18,
      "content_type": ["core", "product"],
      "object_id": 15
    }
  },
  {
    "model": "taggit.taggeditem",
    "pk": 38,
    "fields": { "tag": 9, "content_type": ["core", "product"], "object_id": 15 }
  },
  {
    "model": "taggit.taggeditem",
    "pk": 69,
    "fields": {
      "tag": 45,
      "content_type": ["core", "product"],
      "object_id": 20
    }
  },
  {
    "model": "taggit.taggeditem",
    "pk": 70,
    "fields": {
      "tag": 46,
      "content_type": ["core", "product"],
      "object_id": 20
    }
  },
  {
    "model": "taggit.taggeditem",
    "pk": 71,
    "fields": {
      "tag": 47,
      "content_type": ["core", "product"],
      "object_id": 20
    }
  },
  {
    "model": "taggit.taggeditem",
    "pk": 72,
    "fields": {
      "tag": 48,
      "content_type": ["core", "product"],
      "object_id": 20
    }
  },
  {
    "model": "taggit.taggeditem",
    "pk": 73,
    "fields": {
      "tag": 49,
      "content_type": ["core", "product"],
      "object_id": 20
    }
  },
  {
    "model": "taggit.taggeditem",
    "pk": 74,
    "fields": {
      "tag": 50,
      "content_type": ["core", "product"],
      "object_id": 20
    }
  },
  {
    "model": "taggit.taggeditem",
    "pk": 75,
    "fields": {
      "tag": 51,
      "content_type": ["core", "product"],
      "object_id": 20
    }
  },
  {
    "model": "taggit.taggeditem",
    "pk": 76,
    "fields": {
      "tag": 52,
      "content_type": ["core", "product"],
      "object_id": 20
    }
  },
  {
    "model": "taggit.taggeditem",
    "pk": 77,
    "fields": {
      "tag": 53,
      "content_type": ["core", "product"],
      "object_id": 20
    }
  },
  {
    "model": "taggit.taggeditem",
    "pk": 78,
    "fields": {
      "tag": 54,
      "content_type": ["core", "product"],
      "object_id": 20
    }
  },
  {
    "model": "taggit.taggeditem",
    "pk": 79,
    "fields": {
      "tag": 55,
      "content_type": ["core", "product"],
      "object_id": 20
    }
  },
  {
    "model": "taggit.taggeditem",
    "pk": 80,
    "fields": {
      "tag": 56,
      "content_type": ["core", "product"],
      "object_id": 20
    }
  },
  {
    "model": "taggit.taggeditem",
    "pk": 81,
    "fields": {
      "tag": 57,
      "content_type": ["core", "product"],
      "object_id": 20
    }
  },
  {
    "model": "taggit.taggeditem",
    "pk": 82,
    "fields": {
      "tag": 58,
      "content_type": ["core", "product"],
      "object_id": 20
    }
  },
  {
    "model": "taggit.taggeditem",
    "pk": 83,
    "fields": {
      "tag": 59,
      "content_type": ["core", "product"],
      "object_id": 20
    }
  },
  {
    "model": "taggit.taggeditem",
    "pk": 84,
    "fields": {
      "tag": 60,
      "content_type": ["core", "product"],
      "object_id": 20
    }
  },
  {
    "model": "taggit.taggeditem",
    "pk": 85,
    "fields": {
      "tag": 61,
      "content_type": ["core", "product"],
      "object_id": 20
    }
  },
  {
    "model": "taggit.taggeditem",
    "pk": 86,
    "fields": {
      "tag": 64,
      "content_type": ["core", "product"],
      "object_id": 14
    }
  },
  {
    "model": "taggit.taggeditem",
    "pk": 87,
    "fields": {
      "tag": 65,
      "content_type": ["core", "product"],
      "object_id": 14
    }
  },
  {
    "model": "taggit.taggeditem",
    "pk": 88,
    "fields": {
      "tag": 66,
      "content_type": ["core", "product"],
      "object_id": 14
    }
  },
  {
    "model": "taggit.taggeditem",
    "pk": 89,
    "fields": {
      "tag": 67,
      "content_type": ["core", "product"],
      "object_id": 14
    }
  },
  {
    "model": "taggit.taggeditem",
    "pk": 90,
    "fields": {
      "tag": 68,
      "content_type": ["core", "product"],
      "object_id": 14
    }
  },
  {
    "model": "taggit.taggeditem",
    "pk": 91,
    "fields": {
      "tag": 69,
      "content_type": ["core", "product"],
      "object_id": 14
    }
  },
  {
    "model": "taggit.taggeditem",
    "pk": 92,
    "fields": {
      "tag": 46,
      "content_type": ["core", "product"],
      "object_id": 14
    }
  },
  {
    "model": "taggit.taggeditem",
    "pk": 93,
    "fields": {
      "tag": 47,
      "content_type": ["core", "product"],
      "object_id": 14
    }
  },
  {
    "model": "taggit.taggeditem",
    "pk": 94,
    "fields": {
      "tag": 56,
      "content_type": ["core", "product"],
      "object_id": 14
    }
  },
  {
    "model": "taggit.taggeditem",
    "pk": 95,
    "fields": {
      "tag": 57,
      "content_type": ["core", "product"],
      "object_id": 14
    }
  },
  {
    "model": "taggit.taggeditem",
    "pk": 96,
    "fields": {
      "tag": 58,
      "content_type": ["core", "product"],
      "object_id": 14
    }
  },
  {
    "model": "taggit.taggeditem",
    "pk": 97,
    "fields": {
      "tag": 60,
      "content_type": ["core", "product"],
      "object_id": 14
    }
  },
  {
    "model": "taggit.taggeditem",
    "pk": 98,
    "fields": {
      "tag": 61,
      "content_type": ["core", "product"],
      "object_id": 14
    }
  },
  {
    "model": "taggit.taggeditem",
    "pk": 99,
    "fields": {
      "tag": 62,
      "content_type": ["core", "product"],
      "object_id": 14
    }
  },
  {
    "model": "taggit.taggeditem",
    "pk": 100,
    "fields": {
      "tag": 63,
      "content_type": ["core", "product"],
      "object_id": 14
    }
  },
  {
    "model": "core.category",
    "pk": 1,
    "fields": {
      "cid": "catgcgc54d2ad",
      "title": "Food",
      "image": "category/thumbnail-3.jpg"
    }
  },
  {
    "model": "core.category",
    "pk": 2,
    "fields": {
      "cid": "cat55bb13b4c1",
      "title": "Cosmetics",
      "image": "category/product-8-2.jpg"
    }
  },
  {
    "model": "core.category",
    "pk": 3,
    "fields": {
      "cid": "cat3bg1edb3c2",
      "title": "Cloths",
      "image": "category/14323626_s84-pm-2698-ploy-mockup.jpg"
    }
  },
  {
    "model": "core.category",
    "pk": 4,
    "fields": {
      "cid": "cat4h1ec515ae",
      "title": "Computers",
      "image": "category/17611603_tp238-pf-s73-05-mockup.jpg"
    }
  },
  {
    "model": "core.category",
    "pk": 5,
    "fields": {
      "cid": "cathg2e3h3abd",
      "title": "Snacks",
      "image": "category/thumbnail-5.jpg"
    }
  },
  {
    "model": "core.category",
    "pk": 6,
    "fields": {
      "cid": "cat522gg52dd1",
      "title": "Skin Care",
      "image": "category/product-11-2.jpg"
    }
  },
  {
    "model": "core.productimages",
    "pk": 1,
    "fields": {
      "images": "product-images/product-16-5.jpg",
      "product": 1,
      "date": "2022-10-16T00:00:20.588Z"
    }
  },
  {
    "model": "core.productimages",
    "pk": 2,
    "fields": {
      "images": "product-images/product-16-7.jpg",
      "product": 1,
      "date": "2022-10-16T00:00:20.591Z"
    }
  },
  {
    "model": "core.productimages",
    "pk": 3,
    "fields": {
      "images": "product-images/thumbnail-2.jpg",
      "product": 1,
      "date": "2022-10-16T00:00:20.594Z"
    }
  },
  {
    "model": "core.productimages",
    "pk": 4,
    "fields": {
      "images": "product-images/product-10-1.jpg",
      "product": 1,
      "date": "2022-10-16T00:00:20.597Z"
    }
  },
  {
    "model": "core.productimages",
    "pk": 5,
    "fields": {
      "images": "product-images/product-12-1.jpg",
      "product": 2,
      "date": "2022-10-17T13:12:10.540Z"
    }
  },
  {
    "model": "core.productimages",
    "pk": 6,
    "fields": {
      "images": "product-images/product-12-2.jpg",
      "product": 2,
      "date": "2022-10-17T13:12:10.544Z"
    }
  },
  {
    "model": "core.productimages",
    "pk": 7,
    "fields": {
      "images": "product-images/product-13-1.jpg",
      "product": 2,
      "date": "2022-10-17T13:12:10.547Z"
    }
  },
  {
    "model": "core.productimages",
    "pk": 8,
    "fields": {
      "images": "product-images/product-6-2.jpg",
      "product": 3,
      "date": "2022-10-18T14:46:41.356Z"
    }
  },
  {
    "model": "core.productimages",
    "pk": 9,
    "fields": {
      "images": "product-images/product-8-1.jpg",
      "product": 3,
      "date": "2022-10-18T14:46:41.359Z"
    }
  },
  {
    "model": "core.productimages",
    "pk": 10,
    "fields": {
      "images": "product-images/product-9-1.jpg",
      "product": 3,
      "date": "2022-10-18T14:46:41.362Z"
    }
  },
  {
    "model": "core.productimages",
    "pk": 11,
    "fields": {
      "images": "product-images/homemade-sushi-image.jpg",
      "product": 5,
      "date": "2022-11-07T17:20:31.356Z"
    }
  },
  {
    "model": "core.productimages",
    "pk": 12,
    "fields": {
      "images": "product-images/Sushi-1-1.jpg",
      "product": 5,
      "date": "2022-11-07T17:20:31.360Z"
    }
  },
  {
    "model": "core.productimages",
    "pk": 13,
    "fields": {
      "images": "product-images/Sushi-Rolls-Maki-Sushi--Hosomaki-1117-I.jpg",
      "product": 5,
      "date": "2022-11-07T17:20:31.370Z"
    }
  },
  {
    "model": "core.productimages",
    "pk": 14,
    "fields": {
      "images": "product-images/Jollof_Rice_with_Stew.jpg",
      "product": 6,
      "date": "2022-11-07T17:27:17.421Z"
    }
  },
  {
    "model": "core.productimages",
    "pk": 15,
    "fields": {
      "images": "product-images/maxresdefault.jpg",
      "product": 6,
      "date": "2022-11-07T17:27:17.425Z"
    }
  },
  {
    "model": "core.productimages",
    "pk": 16,
    "fields": {
      "images": "product-images/best-bbq-chicken-pizza-447x500.jpg",
      "product": 7,
      "date": "2022-11-07T17:36:21.168Z"
    }
  },
  {
    "model": "core.productimages",
    "pk": 17,
    "fields": {
      "images": "product-images/Chinese-Cashew-Chicken-Pizza_EXPS_TOHESCODR20_245934_B03_17_1b.jpg",
      "product": 7,
      "date": "2022-11-07T17:36:21.205Z"
    }
  },
  {
    "model": "core.productimages",
    "pk": 18,
    "fields": {
      "images": "product-images/1382541346030.jpg",
      "product": 7,
      "date": "2022-11-07T17:36:21.208Z"
    }
  },
  {
    "model": "core.productimages",
    "pk": 19,
    "fields": {
      "images": "product-images/Roast-broccoli-and-sesame-ramen-noodle-bowls-f57730e.jpg",
      "product": 8,
      "date": "2022-11-07T17:40:16.224Z"
    }
  },
  {
    "model": "core.productimages",
    "pk": 20,
    "fields": {
      "images": "product-images/k_archive_4228906cb4af7dccaf0c7809e5e354a1a6f693b0.jpg",
      "product": 8,
      "date": "2022-11-07T17:40:16.228Z"
    }
  },
  {
    "model": "core.productimages",
    "pk": 21,
    "fields": {
      "images": "product-images/Easy-Chicken-Ramen-Featured-500x375.jpg",
      "product": 8,
      "date": "2022-11-07T17:40:16.230Z"
    }
  },
  {
    "model": "core.productimages",
    "pk": 22,
    "fields": {
      "images": "product-images/Marble-Loaf-Cake-Feature.jpg",
      "product": 9,
      "date": "2022-11-07T17:44:19.256Z"
    }
  },
  {
    "model": "core.productimages",
    "pk": 23,
    "fields": {
      "images": "product-images/Quick-Chocolate-Bread-FB.jpg",
      "product": 9,
      "date": "2022-11-07T17:44:19.260Z"
    }
  },
  {
    "model": "core.productimages",
    "pk": 24,
    "fields": {
      "images": "product-images/marble-loaf-cake-2.jpg",
      "product": 9,
      "date": "2022-11-07T17:44:19.263Z"
    }
  },
  {
    "model": "core.productimages",
    "pk": 25,
    "fields": {
      "images": "product-images/Pound_layer_cake.jpg",
      "product": 10,
      "date": "2022-11-14T17:01:19.592Z"
    }
  },
  {
    "model": "core.productimages",
    "pk": 26,
    "fields": {
      "images": "product-images/Cake-36e412a.jpg",
      "product": 11,
      "date": "2022-11-14T17:03:48.717Z"
    }
  },
  {
    "model": "core.productimages",
    "pk": 27,
    "fields": {
      "images": "product-images/Pound_layer_cake_1IN4npa.jpg",
      "product": 11,
      "date": "2022-11-14T17:03:48.736Z"
    }
  },
  {
    "model": "core.cartorderproducts",
    "pk": 61,
    "fields": {
      "order": 2,
      "invoice_no": "INVOICE_NO-2",
      "product_status": "",
      "item": "Sesame Ramen Noddles",
      "image": "/media/user_1/birriaramen2-1664206821.jpg",
      "qty": 1,
      "price": 51.99,
      "total": 51.99
    }
  },
  {
    "model": "core.cartorderproducts",
    "pk": 62,
    "fields": {
      "order": 3,
      "invoice_no": "INVOICE_NO-3",
      "product_status": "",
      "item": "Sesame Ramen Noddles",
      "image": "/media/user_1/birriaramen2-1664206821.jpg",
      "qty": 1,
      "price": 51.99,
      "total": 51.99
    }
  },
  {
    "model": "core.cartorderproducts",
    "pk": 63,
    "fields": {
      "order": 3,
      "invoice_no": "INVOICE_NO-3",
      "product_status": "",
      "item": "Red Velvet Cake",
      "image": "/media/user_1/red-velvet-cake-recipe-SQUARE.jpg",
      "qty": 1,
      "price": 88.93,
      "total": 88.93
    }
  },
  {
    "model": "core.cartorderproducts",
    "pk": 64,
    "fields": {
      "order": 3,
      "invoice_no": "INVOICE_NO-3",
      "product_status": "",
      "item": "Home-Made BBQ Grilled Chicken",
      "image": "/media/user_1/83330410.jpg",
      "qty": 1,
      "price": 44.99,
      "total": 44.99
    }
  },
  {
    "model": "core.cartorderproducts",
    "pk": 65,
    "fields": {
      "order": 3,
      "invoice_no": "INVOICE_NO-3",
      "product_status": "",
      "item": "Spatchcock BBQ Chicken",
      "image": "/media/user_1/spatchcock-bbq-chicken-min-2.jpg",
      "qty": 1,
      "price": 10.98,
      "total": 10.98
    }
  },
  {
    "model": "core.cartorderproducts",
    "pk": 66,
    "fields": {
      "order": 4,
      "invoice_no": "INVOICE_NO-4",
      "product_status": "",
      "item": "Vanilla Cake",
      "image": "/media/user_1/5b9c4bde1f00002d00212a17.jpg",
      "qty": 1,
      "price": 20.99,
      "total": 20.99
    }
  },
  {
    "model": "core.cartorderproducts",
    "pk": 67,
    "fields": {
      "order": 4,
      "invoice_no": "INVOICE_NO-4",
      "product_status": "",
      "item": "Double Beef Fried chicken Bacon",
      "image": "/media/user_1/e1e0de9e202ac7439b2a61809c6c82fa.jpg",
      "qty": 3,
      "price": 17.99,
      "total": 53.97
    }
  },
  {
    "model": "core.cartorderproducts",
    "pk": 68,
    "fields": {
      "order": 5,
      "invoice_no": "INVOICE_NO-5",
      "product_status": "",
      "item": "Vanilla Cake",
      "image": "/media/user_1/5b9c4bde1f00002d00212a17.jpg",
      "qty": 1,
      "price": 20.99,
      "total": 20.99
    }
  },
  {
    "model": "core.cartorderproducts",
    "pk": 69,
    "fields": {
      "order": 5,
      "invoice_no": "INVOICE_NO-5",
      "product_status": "",
      "item": "Double Beef Fried chicken Bacon",
      "image": "/media/user_1/e1e0de9e202ac7439b2a61809c6c82fa.jpg",
      "qty": 3,
      "price": 17.99,
      "total": 53.97
    }
  },
  {
    "model": "core.cartorderproducts",
    "pk": 70,
    "fields": {
      "order": 5,
      "invoice_no": "INVOICE_NO-5",
      "product_status": "",
      "item": "Spatchcock BBQ Chicken",
      "image": "/media/user_1/spatchcock-bbq-chicken-min-2.jpg",
      "qty": 1,
      "price": 10.98,
      "total": 10.98
    }
  },
  {
    "model": "core.cartorderproducts",
    "pk": 71,
    "fields": {
      "order": 5,
      "invoice_no": "INVOICE_NO-5",
      "product_status": "",
      "item": "Red Velvet Cake",
      "image": "/media/user_1/red-velvet-cake-recipe-SQUARE.jpg",
      "qty": 1,
      "price": 88.93,
      "total": 88.93
    }
  },
  {
    "model": "core.cartorderproducts",
    "pk": 72,
    "fields": {
      "order": 6,
      "invoice_no": "INVOICE_NO-6",
      "product_status": "",
      "item": "Vanilla Cake",
      "image": "/media/user_1/5b9c4bde1f00002d00212a17.jpg",
      "qty": 1,
      "price": 20.99,
      "total": 20.99
    }
  },
  {
    "model": "core.cartorderproducts",
    "pk": 73,
    "fields": {
      "order": 6,
      "invoice_no": "INVOICE_NO-6",
      "product_status": "",
      "item": "Double Beef Fried chicken Bacon",
      "image": "/media/user_1/e1e0de9e202ac7439b2a61809c6c82fa.jpg",
      "qty": 3,
      "price": 17.99,
      "total": 53.97
    }
  },
  {
    "model": "core.cartorderproducts",
    "pk": 74,
    "fields": {
      "order": 6,
      "invoice_no": "INVOICE_NO-6",
      "product_status": "",
      "item": "Spatchcock BBQ Chicken",
      "image": "/media/user_1/spatchcock-bbq-chicken-min-2.jpg",
      "qty": 1,
      "price": 10.98,
      "total": 10.98
    }
  },
  {
    "model": "core.cartorderproducts",
    "pk": 75,
    "fields": {
      "order": 6,
      "invoice_no": "INVOICE_NO-6",
      "product_status": "",
      "item": "Red Velvet Cake",
      "image": "/media/user_1/red-velvet-cake-recipe-SQUARE.jpg",
      "qty": 1,
      "price": 88.93,
      "total": 88.93
    }
  },
  {
    "model": "core.cartorderproducts",
    "pk": 76,
    "fields": {
      "order": 6,
      "invoice_no": "INVOICE_NO-6",
      "product_status": "",
      "item": "Fried Rice",
      "image": "/media/user_1/Egg-fried-rice-2.jpg",
      "qty": 1,
      "price": 150,
      "total": 150
    }
  },
  {
    "model": "core.cartorderproducts",
    "pk": 77,
    "fields": {
      "order": 6,
      "invoice_no": "INVOICE_NO-6",
      "product_status": "",
      "item": "Baked BBQ Chicken",
      "image": "/media/user_1/15JPGRILL1-mobileMasterAt3x-v2.jpg",
      "qty": 1,
      "price": 100.99,
      "total": 100.99
    }
  },
  {
    "model": "core.cartorderproducts",
    "pk": 78,
    "fields": {
      "order": 6,
      "invoice_no": "INVOICE_NO-6",
      "product_status": "",
      "item": "Bananna Bread",
      "image": "/media/user_1/Banana-Bread-IMAGE-IMAGE-22_k6RWMvD.jpg",
      "qty": 1,
      "price": 200,
      "total": 200
    }
  },
  {
    "model": "core.cartorderproducts",
    "pk": 79,
    "fields": {
      "order": 7,
      "invoice_no": "INVOICE_NO-7",
      "product_status": "",
      "item": "Vanilla Cake",
      "image": "/media/user_1/5b9c4bde1f00002d00212a17.jpg",
      "qty": 1,
      "price": 20.99,
      "total": 20.99
    }
  },
  {
    "model": "core.cartorderproducts",
    "pk": 80,
    "fields": {
      "order": 7,
      "invoice_no": "INVOICE_NO-7",
      "product_status": "",
      "item": "Double Beef Fried chicken Bacon",
      "image": "/media/user_1/e1e0de9e202ac7439b2a61809c6c82fa.jpg",
      "qty": 3,
      "price": 17.99,
      "total": 53.97
    }
  },
  {
    "model": "core.cartorderproducts",
    "pk": 81,
    "fields": {
      "order": 7,
      "invoice_no": "INVOICE_NO-7",
      "product_status": "",
      "item": "Spatchcock BBQ Chicken",
      "image": "/media/user_1/spatchcock-bbq-chicken-min-2.jpg",
      "qty": 1,
      "price": 10.98,
      "total": 10.98
    }
  },
  {
    "model": "core.cartorderproducts",
    "pk": 82,
    "fields": {
      "order": 7,
      "invoice_no": "INVOICE_NO-7",
      "product_status": "",
      "item": "Red Velvet Cake",
      "image": "/media/user_1/red-velvet-cake-recipe-SQUARE.jpg",
      "qty": 1,
      "price": 88.93,
      "total": 88.93
    }
  },
  {
    "model": "core.cartorderproducts",
    "pk": 83,
    "fields": {
      "order": 7,
      "invoice_no": "INVOICE_NO-7",
      "product_status": "",
      "item": "Fried Rice",
      "image": "/media/user_1/Egg-fried-rice-2.jpg",
      "qty": 1,
      "price": 150,
      "total": 150
    }
  },
  {
    "model": "core.cartorderproducts",
    "pk": 84,
    "fields": {
      "order": 7,
      "invoice_no": "INVOICE_NO-7",
      "product_status": "",
      "item": "Baked BBQ Chicken",
      "image": "/media/user_1/15JPGRILL1-mobileMasterAt3x-v2.jpg",
      "qty": 1,
      "price": 100.99,
      "total": 100.99
    }
  },
  {
    "model": "core.cartorderproducts",
    "pk": 85,
    "fields": {
      "order": 7,
      "invoice_no": "INVOICE_NO-7",
      "product_status": "",
      "item": "Bananna Bread",
      "image": "/media/user_1/Banana-Bread-IMAGE-IMAGE-22_k6RWMvD.jpg",
      "qty": 1,
      "price": 200,
      "total": 200
    }
  },
  {
    "model": "core.cartorderproducts",
    "pk": 86,
    "fields": {
      "order": 10,
      "invoice_no": "INVOICE_NO-10",
      "product_status": "",
      "item": "Jollof Rice",
      "image": "/media/user_1/WhatsApp-Image-2020-12-24-at-22.21.55.jpg",
      "qty": 1,
      "price": 30.99,
      "total": 30.99
    }
  },
  {
    "model": "core.cartorderproducts",
    "pk": 87,
    "fields": {
      "order": 10,
      "invoice_no": "INVOICE_NO-10",
      "product_status": "",
      "item": "Chicken Pizza",
      "image": "/media/user_1/istockphoto-489809469-612x612.jpg",
      "qty": 1,
      "price": 70.99,
      "total": 70.99
    }
  },
  {
    "model": "core.cartorderproducts",
    "pk": 88,
    "fields": {
      "order": 10,
      "invoice_no": "INVOICE_NO-10",
      "product_status": "",
      "item": "Spatchcock BBQ Chicken",
      "image": "/media/user_1/spatchcock-bbq-chicken-min-2.jpg",
      "qty": 1,
      "price": 10.98,
      "total": 10.98
    }
  },
  {
    "model": "core.cartorderproducts",
    "pk": 89,
    "fields": {
      "order": 10,
      "invoice_no": "INVOICE_NO-10",
      "product_status": "",
      "item": "Baked BBQ Chicken",
      "image": "/media/user_1/15JPGRILL1-mobileMasterAt3x-v2.jpg",
      "qty": 1,
      "price": 100.99,
      "total": 100.99
    }
  },
  {
    "model": "core.cartorderproducts",
    "pk": 90,
    "fields": {
      "order": 11,
      "invoice_no": "INVOICE_NO-11",
      "product_status": "",
      "item": "Jollof Rice",
      "image": "/media/user_1/WhatsApp-Image-2020-12-24-at-22.21.55.jpg",
      "qty": 1,
      "price": 30.99,
      "total": 30.99
    }
  },
  {
    "model": "core.cartorderproducts",
    "pk": 91,
    "fields": {
      "order": 11,
      "invoice_no": "INVOICE_NO-11",
      "product_status": "",
      "item": "Chicken Pizza",
      "image": "/media/user_1/istockphoto-489809469-612x612.jpg",
      "qty": 1,
      "price": 70.99,
      "total": 70.99
    }
  },
  {
    "model": "core.cartorderproducts",
    "pk": 92,
    "fields": {
      "order": 11,
      "invoice_no": "INVOICE_NO-11",
      "product_status": "",
      "item": "Spatchcock BBQ Chicken",
      "image": "/media/user_1/spatchcock-bbq-chicken-min-2.jpg",
      "qty": 1,
      "price": 10.98,
      "total": 10.98
    }
  },
  {
    "model": "core.cartorderproducts",
    "pk": 93,
    "fields": {
      "order": 11,
      "invoice_no": "INVOICE_NO-11",
      "product_status": "",
      "item": "Baked BBQ Chicken",
      "image": "/media/user_1/15JPGRILL1-mobileMasterAt3x-v2.jpg",
      "qty": 1,
      "price": 100.99,
      "total": 100.99
    }
  },
  {
    "model": "core.cartorderproducts",
    "pk": 94,
    "fields": {
      "order": 12,
      "invoice_no": "INVOICE_NO-12",
      "product_status": "",
      "item": "Brazillian Baked Fish",
      "image": "/media/user_1/How-To-Cook-Whole-Fish-In-The-Oven-Baked-Roastted-Mahi-Mahi-Recipe-2.jpg",
      "qty": 1,
      "price": 30,
      "total": 30
    }
  },
  {
    "model": "core.cartorderproducts",
    "pk": 95,
    "fields": {
      "order": 12,
      "invoice_no": "INVOICE_NO-12",
      "product_status": "",
      "item": "Baked BBQ Chicken",
      "image": "/media/user_1/15JPGRILL1-mobileMasterAt3x-v2.jpg",
      "qty": 1,
      "price": 100.99,
      "total": 100.99
    }
  },
  {
    "model": "core.cartorderproducts",
    "pk": 96,
    "fields": {
      "order": 12,
      "invoice_no": "INVOICE_NO-12",
      "product_status": "",
      "item": "Fried Rice",
      "image": "/media/user_1/Egg-fried-rice-2.jpg",
      "qty": 1,
      "price": 150,
      "total": 150
    }
  },
  {
    "model": "core.cartorderproducts",
    "pk": 97,
    "fields": {
      "order": 12,
      "invoice_no": "INVOICE_NO-12",
      "product_status": "",
      "item": "Sushi",
      "image": "/media/user_1/homemade-sushi-image.jpg",
      "qty": 1,
      "price": 10.96,
      "total": 10.96
    }
  },
  {
    "model": "core.cartorderproducts",
    "pk": 98,
    "fields": {
      "order": 12,
      "invoice_no": "INVOICE_NO-12",
      "product_status": "",
      "item": "Jollof Rice",
      "image": "/media/user_1/WhatsApp-Image-2020-12-24-at-22.21.55.jpg",
      "qty": 3,
      "price": 30.99,
      "total": 92.97
    }
  },
  {
    "model": "userauths.user",
    "pk": 1,
    "fields": {
      "password": "pbkdf2_sha256$260000$2u5OtclFA6x3jliRDZYlJ5$ZWbnZN21HJzXJJ8bDXS+se+bThskf8Kld69U2qv3MKw=",
      "last_login": "2022-11-16T22:51:42.176Z",
      "is_superuser": true,
      "first_name": "",
      "last_name": "",
      "is_staff": true,
      "is_active": true,
      "date_joined": "2022-10-07T23:09:50Z",
      "email": "desphixs@gmail.com",
      "username": "destiny",
      "bio": "I'm a motivated Full Stack Developer",
      "groups": [],
      "user_permissions": []
    }
  },
  {
    "model": "userauths.user",
    "pk": 2,
    "fields": {
      "password": "pbkdf2_sha256$260000$7kbqwIKtVPNCtVW9K9Bs14$KZ1w3zQhjFalz3qb2NTI7Zf60B9MNcu0ujcOPQShpIc=",
      "last_login": null,
      "is_superuser": false,
      "first_name": "",
      "last_name": "",
      "is_staff": false,
      "is_active": true,
      "date_joined": "2022-10-07T23:45:18.544Z",
      "email": "kepypipedi@mailinator.com",
      "username": "bozefap",
      "bio": "",
      "groups": [],
      "user_permissions": []
    }
  },
  {
    "model": "userauths.user",
    "pk": 3,
    "fields": {
      "password": "pbkdf2_sha256$260000$RlXQzo7XDmdhnaUjQJq5UG$HsD9dPZX0C+Mbr26x1l0fVErKwoSv+gFduwfJ7TkzJo=",
      "last_login": "2022-10-07T23:50:39.279Z",
      "is_superuser": false,
      "first_name": "",
      "last_name": "",
      "is_staff": false,
      "is_active": true,
      "date_joined": "2022-10-07T23:50:38.550Z",
      "email": "kumar@mailinator.com",
      "username": "huhur",
      "bio": "",
      "groups": [],
      "user_permissions": []
    }
  },
  {
    "model": "userauths.user",
    "pk": 4,
    "fields": {
      "password": "pbkdf2_sha256$260000$FVKyWZSPJnWmOaE811gX5J$PMOL4x6zSclDzgEnJgSxmk6Wy5Q8xvXHNcABOQvAhAU=",
      "last_login": "2022-10-07T23:51:20.290Z",
      "is_superuser": false,
      "first_name": "",
      "last_name": "",
      "is_staff": false,
      "is_active": true,
      "date_joined": "2022-10-07T23:51:19.556Z",
      "email": "hynyxodati@mailinator.com",
      "username": "boxasov",
      "bio": "",
      "groups": [],
      "user_permissions": []
    }
  },
  {
    "model": "userauths.user",
    "pk": 5,
    "fields": {
      "password": "pbkdf2_sha256$260000$nxkiW0Z0nAq93RwMqTrtfo$kNCdckzlk0T7grDQ1Wn9xNxu3IbQMlzyW8ew2s8RzqI=",
      "last_login": "2022-10-08T00:03:12.625Z",
      "is_superuser": false,
      "first_name": "",
      "last_name": "",
      "is_staff": false,
      "is_active": true,
      "date_joined": "2022-10-08T00:03:11.874Z",
      "email": "sotyd@mailinator.com",
      "username": "muxymavacy",
      "bio": "",
      "groups": [],
      "user_permissions": []
    }
  },
  {
    "model": "userauths.user",
    "pk": 6,
    "fields": {
      "password": "pbkdf2_sha256$260000$DiK0i8hisihZ9kO7DT2pG6$Uqn0r612rv35fimscRprnoxvO1OnViDezdrK31dqV0U=",
      "last_login": "2022-10-13T23:20:18.651Z",
      "is_superuser": false,
      "first_name": "",
      "last_name": "",
      "is_staff": false,
      "is_active": true,
      "date_joined": "2022-10-13T23:20:17.441Z",
      "email": "nirapin@mailinator.com",
      "username": "medojos",
      "bio": "",
      "groups": [],
      "user_permissions": []
    }
  },
  {
    "model": "userauths.user",
    "pk": 7,
    "fields": {
      "password": "pbkdf2_sha256$260000$dosZhlg9a6WnPLNteHuQsT$kXdPyc/KU7ZlCQdxds4qFoqaoQb0nxEAwFn6KANEvec=",
      "last_login": "2022-11-09T16:25:26.523Z",
      "is_superuser": false,
      "first_name": "",
      "last_name": "",
      "is_staff": false,
      "is_active": true,
      "date_joined": "2022-11-09T16:25:24.768Z",
      "email": "viguw@mailinator.com",
      "username": "hozojiwe",
      "bio": "",
      "groups": [],
      "user_permissions": []
    }
  },
  {
    "model": "userauths.user",
    "pk": 8,
    "fields": {
      "password": "pbkdf2_sha256$260000$BBnCrWxoy51PcBg7qOkUOV$+HKUa5KmzNyGx2Qna92D5R3vTDiqdLb2arBK62NPsgQ=",
      "last_login": "2022-11-09T16:29:50.695Z",
      "is_superuser": false,
      "first_name": "",
      "last_name": "",
      "is_staff": false,
      "is_active": true,
      "date_joined": "2022-11-09T16:29:49.132Z",
      "email": "bidup@mailinator.com",
      "username": "cytypoci",
      "bio": "",
      "groups": [],
      "user_permissions": []
    }
  },
  {
    "model": "userauths.user",
    "pk": 9,
    "fields": {
      "password": "pbkdf2_sha256$260000$ARPsk2tcqK5yCtc1cepGCL$6nCUZusvqQkSzryW/AhmK442yCVB6GmGyeUSjIbFMOY=",
      "last_login": "2022-11-09T16:48:58.046Z",
      "is_superuser": false,
      "first_name": "",
      "last_name": "",
      "is_staff": false,
      "is_active": true,
      "date_joined": "2022-11-09T16:48:56.607Z",
      "email": "sammy@gmail.com",
      "username": "samuel",
      "bio": "",
      "groups": [],
      "user_permissions": []
    }
  },
  {
    "model": "userauths.user",
    "pk": 10,
    "fields": {
      "password": "pbkdf2_sha256$260000$qTnPBkYpYfB4SP6pOuiAwU$OyY82uD6hw2J92YBKP5VeJH7tg541RErnOMTn158GMs=",
      "last_login": "2022-11-16T22:25:15.284Z",
      "is_superuser": false,
      "first_name": "",
      "last_name": "",
      "is_staff": false,
      "is_active": true,
      "date_joined": "2022-11-16T22:25:14.018Z",
      "email": "nykuwifez@mailinator.com",
      "username": "mydat",
      "bio": "",
      "groups": [],
      "user_permissions": []
    }
  },
  {
    "model": "userauths.user",
    "pk": 12,
    "fields": {
      "password": "pbkdf2_sha256$390000$IsyBSkY2d3FqTKqOUCTnHN$PgkJLGSws/KqRRN5oZ99KIKNHr/miSHXPYzdZphokF8=",
      "last_login": "2023-01-11T20:27:08.515Z",
      "is_superuser": false,
      "first_name": "",
      "last_name": "",
      "is_staff": false,
      "is_active": true,
      "date_joined": "2023-01-11T20:27:08.329Z",
      "email": "asslajosta@gmail.com",
      "username": "jay",
      "bio": "",
      "groups": [],
      "user_permissions": []
    }
  },
  {
    "model": "userauths.user",
    "pk": 13,
    "fields": {
      "password": "pbkdf2_sha256$390000$U7UG4BUBizcRnrBWO6YA24$XcrIoiheDs/nxA6NdrLeLZbifFmKqbz9AyFPu+ZACZY=",
      "last_login": "2023-02-27T12:32:53.630Z",
      "is_superuser": true,
      "first_name": "",
      "last_name": "",
      "is_staff": true,
      "is_active": true,
      "date_joined": "2023-01-11T20:27:55.827Z",
      "email": "a@gmail.com",
      "username": "joel",
      "bio": "",
      "groups": [],
      "user_permissions": []
    }
  },
  {
    "model": "userauths.contactus",
    "pk": 6,
    "fields": {
      "full_name": "Neil Gates",
      "email": "hyledebi@mailinator.com",
      "phone": "+1 (775) 537-1736",
      "subject": "Reprehenderit deser",
      "message": "hey this is a another contatct"
    }
  },
  {
    "model": "core.address",
    "pk": 1,
    "fields": {
      "user": ["desphixs@gmail.com"],
      "mobile": "+1 (202) 565-9598",
      "address": "123 Main Street, Miami, USA",
      "status": true
    }
  },
  {
    "model": "core.address",
    "pk": 2,
    "fields": {
      "user": ["desphixs@gmail.com"],
      "mobile": "+353 (102) 565-37423",
      "address": "Abuja, Nigeria haha",
      "status": false
    }
  },
  {
    "model": "core.address",
    "pk": 3,
    "fields": {
      "user": ["desphixs@gmail.com"],
      "mobile": "Nulla laborum Commo",
      "address": "Quia eum laborum et",
      "status": false
    }
  },
  {
    "model": "core.address",
    "pk": 4,
    "fields": {
      "user": ["desphixs@gmail.com"],
      "mobile": "0901111111111",
      "address": "Magnam ea ut aut nul",
      "status": false
    }
  },
  {
    "model": "core.address",
    "pk": 5,
    "fields": {
      "user": ["a@gmail.com"],
      "mobile": "90667515",
      "address": "Cacavelli",
      "status": true
    }
  },
  {
    "model": "core.wishlist_model",
    "pk": 45,
    "fields": {
      "user": ["desphixs@gmail.com"],
      "product": 6,
      "date": "2022-11-16T22:31:53.500Z"
    }
  },
  {
    "model": "core.wishlist_model",
    "pk": 46,
    "fields": {
      "user": ["desphixs@gmail.com"],
      "product": 14,
      "date": "2022-11-16T22:38:33.810Z"
    }
  },
  {
    "model": "core.wishlist_model",
    "pk": 47,
    "fields": {
      "user": ["desphixs@gmail.com"],
      "product": 3,
      "date": "2022-11-16T22:40:05.346Z"
    }
  },
  {
    "model": "core.productreview",
    "pk": 26,
    "fields": {
      "user": ["desphixs@gmail.com"],
      "product": 1,
      "review": "THis is a nice product",
      "rating": 5,
      "date": "2022-10-20T13:17:53.831Z"
    }
  },
  {
    "model": "core.productreview",
    "pk": 27,
    "fields": {
      "user": ["desphixs@gmail.com"],
      "product": 2,
      "review": "Cool",
      "rating": 4,
      "date": "2022-10-20T13:18:30.940Z"
    }
  },
  {
    "model": "core.productreview",
    "pk": 28,
    "fields": {
      "user": ["desphixs@gmail.com"],
      "product": 9,
      "review": "This cake is real good",
      "rating": 4,
      "date": "2022-11-14T17:38:21.618Z"
    }
  },
  {
    "model": "core.productreview",
    "pk": 29,
    "fields": {
      "user": ["desphixs@gmail.com"],
      "product": 6,
      "review": "this is a really nice product",
      "rating": 4,
      "date": "2022-11-16T22:31:15.900Z"
    }
  },
  {
    "model": "core.cartorder",
    "pk": 2,
    "fields": {
      "user": ["desphixs@gmail.com"],
      "price": 51.99,
      "paid_status": true,
      "order_date": "2022-09-21T11:59:55Z",
      "product_status": "processing",
      "sku": "SKUegege"
    }
  },
  {
    "model": "core.cartorder",
    "pk": 3,
    "fields": {
      "user": ["desphixs@gmail.com"],
      "price": 196.89,
      "paid_status": false,
      "order_date": "2022-10-15T12:08:36Z",
      "product_status": "shipped",
      "sku": "SKUr23t3"
    }
  },
  {
    "model": "core.cartorder",
    "pk": 4,
    "fields": {
      "user": ["desphixs@gmail.com"],
      "price": 74.96,
      "paid_status": false,
      "order_date": "2022-11-16T12:08:37Z",
      "product_status": "delivered",
      "sku": "SKUfsed4"
    }
  },
  {
    "model": "core.cartorder",
    "pk": 5,
    "fields": {
      "user": ["desphixs@gmail.com"],
      "price": 174.87,
      "paid_status": false,
      "order_date": "2022-10-19T12:16:12Z",
      "product_status": "shipped",
      "sku": "SKU53efs"
    }
  },
  {
    "model": "core.cartorder",
    "pk": 6,
    "fields": {
      "user": ["desphixs@gmail.com"],
      "price": 625.86,
      "paid_status": false,
      "order_date": "2022-11-16T12:16:06Z",
      "product_status": "delivered",
      "sku": "SKUt4333"
    }
  },
  {
    "model": "core.cartorder",
    "pk": 7,
    "fields": {
      "user": ["desphixs@gmail.com"],
      "price": 625.86,
      "paid_status": false,
      "order_date": "2022-11-16T12:16:37Z",
      "product_status": "processing",
      "sku": "SKU53fcs"
    }
  },
  {
    "model": "core.cartorder",
    "pk": 8,
    "fields": {
      "user": ["desphixs@gmail.com"],
      "price": 1.99,
      "paid_status": true,
      "order_date": "2022-06-07T12:19:03Z",
      "product_status": "processing",
      "sku": "SKU53fbg"
    }
  },
  {
    "model": "core.cartorder",
    "pk": 9,
    "fields": {
      "user": ["desphixs@gmail.com"],
      "price": 88.99,
      "paid_status": false,
      "order_date": "2022-07-14T12:19:26Z",
      "product_status": "processing",
      "sku": "SKU5ggg"
    }
  },
  {
    "model": "core.cartorder",
    "pk": 10,
    "fields": {
      "user": ["desphixs@gmail.com"],
      "price": 213.95,
      "paid_status": false,
      "order_date": "2022-11-16T22:50:10.055Z",
      "product_status": "processing",
      "sku": "SKUa1ccc"
    }
  },
  {
    "model": "core.cartorder",
    "pk": 11,
    "fields": {
      "user": ["desphixs@gmail.com"],
      "price": 213.95,
      "paid_status": false,
      "order_date": "2022-11-16T22:50:37.160Z",
      "product_status": "processing",
      "sku": "SKU5bghd"
    }
  },
  {
    "model": "core.cartorder",
    "pk": 12,
    "fields": {
      "user": ["desphixs@gmail.com"],
      "price": 384.92,
      "paid_status": true,
      "order_date": "2022-11-16T22:52:54.722Z",
      "product_status": "processing",
      "sku": "SKU2b31b"
    }
  },
  {
    "model": "core.product",
    "pk": 1,
    "fields": {
      "pid": "2dgd22ag1f",
      "user": ["desphixs@gmail.com"],
      "category": 1,
      "vendor": 1,
      "title": "Brazillian Baked Fish",
      "image": "user_1/How-To-Cook-Whole-Fish-In-The-Oven-Baked-Roastted-Mahi-Mahi-Recipe-2.jpg",
      "description": "<p><span style=\"font-family:Comic Sans MS,cursive\"><strong>Lorem ipsum dolor sit amet consectetur adipisicing elit. M<span style=\"background-color:#e74c3c\">axime mollitia, molestiae quas vel sint commodi repudiandae consequuntur voluptatum laborum numquam blanditiis harum quisquam eius sed odit fugiat iusto fuga praesentium optio, eaque rerum! Provident similique accusantium nemo autem. Verit</span></strong></span><span style=\"background-color:#e74c3c\">atis obcaecati tenetur iure eius earum ut molestias architecto voluptate aliquam nihil, eveniet aliquid culpa officia aut! Impedit sit sunt quaerat, odit, tenetur error, h</span>arum nesciunt ipsum debitis quas aliquid. Reprehenderit, quia. Quo neque error repudiandae fuga? Ipsa laudantium molestias eos sapiente officiis modi at sunt excepturi expedita sint? Sed quibusdam recusandae alias error harum<span style=\"color:#27ae60\"> maxime adipisci amet laborum. Perspiciatis minima nesciunt dolorem! Officiis iure rerum voluptates a cumque velit quibusdam sed amet tempora. Sit laborum ab, eius fugit doloribus tenetur fugiat, temporibus enim commodi iusto libero magni deleniti quod quam consequuntur! </span>Commodi minima excepturi repudiandae velit hic maxime doloremque. Quaerat provident commodi consectetur veniam similique ad earum omnis ipsum saepe, voluptas, hic voluptates pariatur est explicabo fugiat, dolorum eligendi quam cupiditate excepturi mollitia maiores labore suscipit quas? Nulla, placeat. Voluptatem quaerat non architecto ab laudantium modi minima sunt esse temporibus sint culpa, recusandae aliquam numquam totam ratione voluptas quod exercitationem fuga. Possimus quis earum veniam quasi aliquam eligendi, placeat qui corporis!</p>\r\n\r\n<p>&nbsp;</p>\r\n\r\n<pre>\r\n<code class=\"language-html\">&lt;div class=\"font-xs\"&gt;\r\n    &lt;ul class=\"mr-50 float-start\"&gt;\r\n        &lt;li class=\"mb-5\"&gt;Type: &lt;span class=\"text-brand\"&gt;{{p.type}}&lt;/span&gt;&lt;/li&gt;\r\n        &lt;li class=\"mb-5\"&gt;MFG:&lt;span class=\"text-brand\"&gt; {{p.mfd|date:\"d M, Y\"}}&lt;/span&gt;&lt;/li&gt;\r\n        &lt;li&gt;LIFE: &lt;span class=\"text-brand\"&gt;{{ p.life }}&lt;/span&gt;&lt;/li&gt;\r\n    &lt;/ul&gt;\r\n    &lt;ul class=\"float-start\"&gt;\r\n        &lt;li class=\"mb-5\"&gt;SKU: &lt;a href=\"#\"&gt;{{p.sku}}&lt;/a&gt;&lt;/li&gt;\r\n        &lt;li class=\"mb-5\"&gt;Tags: {% for tag in p.tags.all %}&lt;a href=\"{% url 'core:tags' tag.slug %}\" rel=\"tag\"&gt; #{{tag.name}}&lt;/a&gt;,{% endfor %}&lt;/li&gt;\r\n        &lt;li&gt;Stock:&lt;span class=\"in-stock text-brand ml-5\"&gt;{{p.stock_count}} Items In Stock&lt;/span&gt;&lt;/li&gt;\r\n    &lt;/ul&gt;\r\n&lt;/div&gt;\r\n</code></pre>\r\n\r\n<p><img alt=\"\" src=\"/media/uploads/2022/10/20/desphixs.jpg\" style=\"height:615px; width:551px\" /></p>",
      "price": 30,
      "old_price": 250,
      "specifications": "<p>This is a really fresh pear.</p>",
      "type": "Organic",
      "stock_count": "10",
      "life": "100 Days",
      "mfd": "2022-10-18T15:02:05Z",
      "product_status": "published",
      "status": true,
      "in_stock": true,
      "featured": true,
      "digital": false,
      "sku": "sku2197",
      "date": "2022-10-16T00:00:20.529Z",
      "updated": null
    }
  },
  {
    "model": "core.product",
    "pk": 2,
    "fields": {
      "pid": "251e54gebf",
      "user": ["desphixs@gmail.com"],
      "category": 1,
      "vendor": 2,
      "title": "Bananna Breads",
      "image": "user_1/Banana-Bread-IMAGE-IMAGE-22_k6RWMvD.jpg",
      "description": "<p>This is a fresh bannana</p>",
      "price": 200,
      "old_price": 25.99,
      "specifications": "",
      "type": "Organic",
      "stock_count": "10",
      "life": "100 Days",
      "mfd": "2001-11-11T00:00:00Z",
      "product_status": "published",
      "status": true,
      "in_stock": true,
      "featured": true,
      "digital": false,
      "sku": "sku4112",
      "date": "2022-10-17T13:03:00.550Z",
      "updated": null
    }
  },
  {
    "model": "core.product",
    "pk": 3,
    "fields": {
      "pid": "311ab2f5fe",
      "user": ["desphixs@gmail.com"],
      "category": 2,
      "vendor": 1,
      "title": "Baked BBQ Chicken",
      "image": "user_1/15JPGRILL1-mobileMasterAt3x-v2.jpg",
      "description": "<p>This is the product</p>",
      "price": 100.99,
      "old_price": 300.99,
      "specifications": "",
      "type": "Organic",
      "stock_count": "10",
      "life": "100 Days",
      "mfd": "2022-10-18T15:00:56Z",
      "product_status": "published",
      "status": true,
      "in_stock": true,
      "featured": true,
      "digital": false,
      "sku": "sku1972",
      "date": "2022-10-17T13:08:51.173Z",
      "updated": null
    }
  },
  {
    "model": "core.product",
    "pk": 4,
    "fields": {
      "pid": "3h5hhefdhg",
      "user": ["desphixs@gmail.com"],
      "category": 1,
      "vendor": 1,
      "title": "Fried Rice",
      "image": "user_1/Egg-fried-rice-2.jpg",
      "description": "<p>This is the product</p>",
      "price": 150,
      "old_price": 1000,
      "specifications": "",
      "type": "Organic",
      "stock_count": "10",
      "life": "100 Days",
      "mfd": null,
      "product_status": "published",
      "status": true,
      "in_stock": true,
      "featured": true,
      "digital": false,
      "sku": "sku4115",
      "date": "2022-10-24T12:50:32.564Z",
      "updated": null
    }
  },
  {
    "model": "core.product",
    "pk": 5,
    "fields": {
      "pid": "2ga3dhefc3",
      "user": ["desphixs@gmail.com"],
      "category": 5,
      "vendor": 3,
      "title": "Sushi",
      "image": "user_1/homemade-sushi-image.jpg",
      "description": "<p>This is a delicious sushi</p>",
      "price": 10.96,
      "old_price": 20.99,
      "specifications": "",
      "type": "Food",
      "stock_count": "100",
      "life": "100 Days",
      "mfd": "2022-11-07T17:19:36Z",
      "product_status": "published",
      "status": true,
      "in_stock": true,
      "featured": true,
      "digital": false,
      "sku": "sku2036",
      "date": "2022-11-07T17:20:31.302Z",
      "updated": "2022-11-07T17:19:48Z"
    }
  },
  {
    "model": "core.product",
    "pk": 6,
    "fields": {
      "pid": "43411agc1h",
      "user": ["desphixs@gmail.com"],
      "category": 1,
      "vendor": 4,
      "title": "Jollof Rice",
      "image": "user_1/WhatsApp-Image-2020-12-24-at-22.21.55.jpg",
      "description": "<p>Lorem ipsum dolor sit amet consectetur adipisicing elit. Maxime mollitia, molestiae quas vel sint commodi repudiandae consequuntur voluptatum laborum numquam blanditiis harum quisquam eius sed odit fugiat iusto fuga praesentium optio, eaque rerum! Provident similique accusantium nemo autem. Veritatis obcaecati tenetur iure eius earum ut molestias architecto voluptate aliquam nihil, eveniet aliquid culpa officia aut! Impedit sit sunt quaerat, odit, tenetur error, harum nesciunt ipsum debitis quas aliquid. Reprehenderit, quia. Quo neque error repudiandae fuga? Ipsa laudantium molestias eos sapiente officiis modi at sunt excepturi expedita sint? Sed quibusdam recusandae alias error harum maxime adipisci amet laborum. Perspiciatis minima nesciunt dolorem! Officiis iure rerum voluptates a cumque velit</p>",
      "price": 30.99,
      "old_price": 100.99,
      "specifications": "",
      "type": "Food",
      "stock_count": "10",
      "life": "100 Days",
      "mfd": null,
      "product_status": "published",
      "status": true,
      "in_stock": true,
      "featured": true,
      "digital": false,
      "sku": "sku8710",
      "date": "2022-11-07T17:27:17.388Z",
      "updated": null
    }
  },
  {
    "model": "core.product",
    "pk": 7,
    "fields": {
      "pid": "ha253fdcfa",
      "user": ["desphixs@gmail.com"],
      "category": 5,
      "vendor": 5,
      "title": "Chicken Pizza",
      "image": "user_1/istockphoto-489809469-612x612.jpg",
      "description": "<p>This is the product</p>",
      "price": 70.99,
      "old_price": 200.99,
      "specifications": "",
      "type": "Snack",
      "stock_count": "10",
      "life": "100 Days",
      "mfd": "2022-11-07T17:35:44Z",
      "product_status": "published",
      "status": true,
      "in_stock": true,
      "featured": true,
      "digital": false,
      "sku": "sku1235",
      "date": "2022-11-07T17:36:21.119Z",
      "updated": null
    }
  },
  {
    "model": "core.product",
    "pk": 8,
    "fields": {
      "pid": "3fded4g5a3",
      "user": ["desphixs@gmail.com"],
      "category": 1,
      "vendor": 6,
      "title": "Sesame Ramen Noddles",
      "image": "user_1/birriaramen2-1664206821.jpg",
      "description": "<p>This is the product</p>",
      "price": 51.99,
      "old_price": 2.99,
      "specifications": "",
      "type": "Organic",
      "stock_count": "10",
      "life": "100 Days",
      "mfd": "2022-11-07T17:39:30Z",
      "product_status": "published",
      "status": true,
      "in_stock": true,
      "featured": true,
      "digital": false,
      "sku": "sku3136",
      "date": "2022-11-07T17:40:16.192Z",
      "updated": null
    }
  },
  {
    "model": "core.product",
    "pk": 9,
    "fields": {
      "pid": "4151ccccgh",
      "user": ["desphixs@gmail.com"],
      "category": 5,
      "vendor": 1,
      "title": "Chocolate Bread",
      "image": "user_1/2-ingredient-chocolate-bread-6a.jpg",
      "description": "<p>This is the product</p>",
      "price": 15.99,
      "old_price": 20.99,
      "specifications": "",
      "type": "Organic",
      "stock_count": "10",
      "life": "100 Days",
      "mfd": null,
      "product_status": "published",
      "status": true,
      "in_stock": true,
      "featured": true,
      "digital": false,
      "sku": "sku4221",
      "date": "2022-11-07T17:44:19.246Z",
      "updated": null
    }
  },
  {
    "model": "core.product",
    "pk": 10,
    "fields": {
      "pid": "2h4h4bd3d5",
      "user": ["desphixs@gmail.com"],
      "category": 1,
      "vendor": 2,
      "title": "Boozy  Chocolate Milkshakes",
      "image": "user_1/SFS_ultimate_chocolate_milkshake_046_ckxyhg.jpg",
      "description": "<p>This is the product bozzy Milkshake&nbsp;</p>",
      "price": 10.97,
      "old_price": 20.99,
      "specifications": "",
      "type": "Organic",
      "stock_count": "10",
      "life": "100 Days",
      "mfd": "2022-11-14T17:00:34Z",
      "product_status": "published",
      "status": true,
      "in_stock": true,
      "featured": true,
      "digital": false,
      "sku": "sku3179",
      "date": "2022-11-14T17:01:19.566Z",
      "updated": null
    }
  },
  {
    "model": "core.product",
    "pk": 11,
    "fields": {
      "pid": "2agbg1cd41",
      "user": ["desphixs@gmail.com"],
      "category": 1,
      "vendor": 2,
      "title": "Vanilla Cake",
      "image": "user_1/5b9c4bde1f00002d00212a17.jpg",
      "description": "<p>This is a cake</p>",
      "price": 20.99,
      "old_price": 100.99,
      "specifications": "",
      "type": "Organic",
      "stock_count": "10",
      "life": "100 Days",
      "mfd": null,
      "product_status": "published",
      "status": true,
      "in_stock": true,
      "featured": true,
      "digital": false,
      "sku": "sku3794",
      "date": "2022-11-14T17:03:48.678Z",
      "updated": null
    }
  },
  {
    "model": "core.product",
    "pk": 12,
    "fields": {
      "pid": "2gdf3dgag1",
      "user": ["desphixs@gmail.com"],
      "category": 1,
      "vendor": 1,
      "title": "Double Beef Fried chicken Bacon",
      "image": "user_1/e1e0de9e202ac7439b2a61809c6c82fa.jpg",
      "description": "<p>This is the product</p>",
      "price": 17.99,
      "old_price": 200.99,
      "specifications": "",
      "type": "Organic",
      "stock_count": "10",
      "life": "100 Days",
      "mfd": null,
      "product_status": "published",
      "status": true,
      "in_stock": true,
      "featured": true,
      "digital": false,
      "sku": "sku3670",
      "date": "2022-11-14T17:08:13.258Z",
      "updated": null
    }
  },
  {
    "model": "core.product",
    "pk": 13,
    "fields": {
      "pid": "cc53d2h144",
      "user": ["desphixs@gmail.com"],
      "category": 1,
      "vendor": 1,
      "title": "Home-Made BBQ Grilled Chicken",
      "image": "user_1/83330410.jpg",
      "description": "<p>This is the product</p>",
      "price": 44.99,
      "old_price": 201.99,
      "specifications": "",
      "type": "Organic",
      "stock_count": "10",
      "life": "100 Days",
      "mfd": null,
      "product_status": "published",
      "status": true,
      "in_stock": true,
      "featured": true,
      "digital": false,
      "sku": "sku2523",
      "date": "2022-11-14T17:20:30.955Z",
      "updated": null
    }
  },
  {
    "model": "core.product",
    "pk": 14,
    "fields": {
      "pid": "4e253fdbhg",
      "user": ["desphixs@gmail.com"],
      "category": 1,
      "vendor": 2,
      "title": "Spatchcock BBQ Chicken updated",
      "image": "user_1/spatchcock-bbq-chicken-min-2.jpg",
      "description": "<p>This is the product</p>",
      "price": 10.98,
      "old_price": 20.99,
      "specifications": "",
      "type": "Organic",
      "stock_count": "10",
      "life": "100 Days",
      "mfd": "2001-11-11T00:00:00Z",
      "product_status": "published",
      "status": true,
      "in_stock": true,
      "featured": true,
      "digital": false,
      "sku": "sku4103",
      "date": "2022-11-14T17:22:12.212Z",
      "updated": null
    }
  },
  {
    "model": "core.product",
    "pk": 15,
    "fields": {
      "pid": "3dfh3bda21",
      "user": ["desphixs@gmail.com"],
      "category": 1,
      "vendor": 4,
      "title": "Red Velvet Cakes",
      "image": "user_1/red-velvet-cake-recipe-SQUARE.jpg",
      "description": "<p>This is the product</p>",
      "price": 88.93,
      "old_price": 200.99,
      "specifications": "",
      "type": "Organic",
      "stock_count": "10",
      "life": "100 Days",
      "mfd": null,
      "product_status": "published",
      "status": true,
      "in_stock": true,
      "featured": true,
      "digital": false,
      "sku": "sku1746",
      "date": "2022-11-14T17:24:19.321Z",
      "updated": null
    }
  },
  {
    "model": "core.product",
    "pk": 20,
    "fields": {
      "pid": "3afbb2ggg2",
      "user": ["desphixs@gmail.com"],
      "category": 4,
      "vendor": 3,
      "title": "Fugiat ratione et re",
      "image": "user_1/3d-rendering-emotions.jpg",
      "description": "Dolor enim consequat",
      "price": 109,
      "old_price": 470,
      "specifications": "",
      "type": "Organic",
      "stock_count": "22",
      "life": "203 days",
      "mfd": "2001-11-11T00:00:00Z",
      "product_status": "published",
      "status": true,
      "in_stock": true,
      "featured": true,
      "digital": false,
      "sku": "sku1705",
      "date": "2022-11-16T23:01:29.239Z",
      "updated": null
    }
  },
  {
    "model": "core.vendor",
    "pk": 1,
    "fields": {
      "vid": "ven4adh5hh5aa",
      "title": "Nestify",
      "image": "user_1/vendor-1.png",
      "cover_image": "user_1/vendor-header-bg.png",
      "description": "I am am Amazing Vendor",
      "address": "123 Main Street.",
      "contact": "+123 (456) 789",
      "chat_resp_time": "100",
      "shipping_on_time": "100",
      "authentic_rating": "100",
      "days_return": "100",
      "warranty_period": "100",
      "user": ["desphixs@gmail.com"],
      "date": "2022-10-17T14:48:20.568Z"
    }
  },
  {
    "model": "core.vendor",
    "pk": 2,
    "fields": {
      "vid": "ven3bgabh2ged",
      "title": "XFood",
      "image": "user_1/vendor-9.png",
      "cover_image": "user_1/vendor-header-bg_W5VF9HV.png",
      "description": "I am am Amazing Vendor",
      "address": "123 Main Street.",
      "contact": "+123 (456) 789",
      "chat_resp_time": "100",
      "shipping_on_time": "100",
      "authentic_rating": "100",
      "days_return": "100",
      "warranty_period": "100",
      "user": ["desphixs@gmail.com"],
      "date": "2022-10-17T14:48:20.568Z"
    }
  },
  {
    "model": "core.vendor",
    "pk": 3,
    "fields": {
      "vid": "ven3eabhbehde",
      "title": "Nature Foods",
      "image": "user_1/vendor-1_21YY7zT.png",
      "cover_image": "user_1/slider-1.png",
      "description": "<p>I am an&nbsp;Amazing Vendor</p>",
      "address": "123 Main Street.",
      "contact": "+123 (456) 789",
      "chat_resp_time": "100",
      "shipping_on_time": "100",
      "authentic_rating": "100",
      "days_return": "100",
      "warranty_period": "100",
      "user": ["desphixs@gmail.com"],
      "date": "2022-11-06T12:28:33.448Z"
    }
  },
  {
    "model": "core.vendor",
    "pk": 4,
    "fields": {
      "vid": "ven3a32g5b124",
      "title": "NestFOOD",
      "image": "user_1/vendor-17.png",
      "cover_image": "user_1/slider-2.png",
      "description": "<p>I am am Amazing Vendor</p>",
      "address": "123 Main Street.",
      "contact": "+123 (456) 789",
      "chat_resp_time": "100",
      "shipping_on_time": "100",
      "authentic_rating": "100",
      "days_return": "100",
      "warranty_period": "100",
      "user": ["desphixs@gmail.com"],
      "date": "2022-11-06T12:29:18.241Z"
    }
  },
  {
    "model": "core.vendor",
    "pk": 5,
    "fields": {
      "vid": "ven34b2df1fd3",
      "title": "Healthy Roots",
      "image": "user_1/vendor-8.png",
      "cover_image": "user_1/slider-7.png",
      "description": "<p>I am am Amazing Vendor</p>",
      "address": "123 Main Street.",
      "contact": "+123 (456) 789",
      "chat_resp_time": "100",
      "shipping_on_time": "100",
      "authentic_rating": "100",
      "days_return": "100",
      "warranty_period": "100",
      "user": ["desphixs@gmail.com"],
      "date": "2022-11-06T12:30:17.756Z"
    }
  },
  {
    "model": "core.vendor",
    "pk": 6,
    "fields": {
      "vid": "ven3befe5cc2g",
      "title": "DestFood",
      "image": "user_1/vendor-2.png",
      "cover_image": "user_1/slider-8.png",
      "description": "<p>I am am Amazing Vendor</p>",
      "address": "123 Main Street.",
      "contact": "+123 (456) 789",
      "chat_resp_time": "100",
      "shipping_on_time": "100",
      "authentic_rating": "100",
      "days_return": "100",
      "warranty_period": "100",
      "user": ["desphixs@gmail.com"],
      "date": "2022-11-06T12:31:28.281Z"
    }
  },
  {
    "model": "admin.logentry",
    "pk": 1,
    "fields": {
      "action_time": "2022-10-07T23:13:26.745Z",
      "user": ["desphixs@gmail.com"],
      "content_type": ["userauths", "user"],
      "object_id": "1",
      "object_repr": "destiny",
      "action_flag": 2,
      "change_message": "[{\"changed\": {\"fields\": [\"Bio\"]}}]"
    }
  },
  {
    "model": "admin.logentry",
    "pk": 2,
    "fields": {
      "action_time": "2022-10-15T23:58:10.925Z",
      "user": ["desphixs@gmail.com"],
      "content_type": ["core", "category"],
      "object_id": "1",
      "object_repr": "Food",
      "action_flag": 1,
      "change_message": "[{\"added\": {}}]"
    }
  },
  {
    "model": "admin.logentry",
    "pk": 3,
    "fields": {
      "action_time": "2022-10-16T00:00:20.598Z",
      "user": ["desphixs@gmail.com"],
      "content_type": ["core", "product"],
      "object_id": "1",
      "object_repr": "Fresh Pear",
      "action_flag": 1,
      "change_message": "[{\"added\": {}}, {\"added\": {\"name\": \"product images\", \"object\": \"ProductImages object (1)\"}}, {\"added\": {\"name\": \"product images\", \"object\": \"ProductImages object (2)\"}}, {\"added\": {\"name\": \"product images\", \"object\": \"ProductImages object (3)\"}}, {\"added\": {\"name\": \"product images\", \"object\": \"ProductImages object (4)\"}}]"
    }
  },
  {
    "model": "admin.logentry",
    "pk": 4,
    "fields": {
      "action_time": "2022-10-16T00:01:28.457Z",
      "user": ["desphixs@gmail.com"],
      "content_type": ["core", "vendor"],
      "object_id": "1",
      "object_repr": "Nestify",
      "action_flag": 1,
      "change_message": "[{\"added\": {}}]"
    }
  },
  {
    "model": "admin.logentry",
    "pk": 5,
    "fields": {
      "action_time": "2022-10-16T00:01:39.586Z",
      "user": ["desphixs@gmail.com"],
      "content_type": ["core", "wishlist_model"],
      "object_id": "1",
      "object_repr": "Fresh Pear",
      "action_flag": 1,
      "change_message": "[{\"added\": {}}]"
    }
  },
  {
    "model": "admin.logentry",
    "pk": 6,
    "fields": {
      "action_time": "2022-10-17T13:03:00.554Z",
      "user": ["desphixs@gmail.com"],
      "content_type": ["core", "product"],
      "object_id": "2",
      "object_repr": "Bannanas",
      "action_flag": 1,
      "change_message": "[{\"added\": {}}]"
    }
  },
  {
    "model": "admin.logentry",
    "pk": 7,
    "fields": {
      "action_time": "2022-10-17T13:08:12.385Z",
      "user": ["desphixs@gmail.com"],
      "content_type": ["core", "category"],
      "object_id": "2",
      "object_repr": "Cosmetics",
      "action_flag": 1,
      "change_message": "[{\"added\": {}}]"
    }
  },
  {
    "model": "admin.logentry",
    "pk": 8,
    "fields": {
      "action_time": "2022-10-17T13:08:51.176Z",
      "user": ["desphixs@gmail.com"],
      "content_type": ["core", "product"],
      "object_id": "3",
      "object_repr": "Body Lotion",
      "action_flag": 1,
      "change_message": "[{\"added\": {}}]"
    }
  },
  {
    "model": "admin.logentry",
    "pk": 9,
    "fields": {
      "action_time": "2022-10-17T13:11:07.842Z",
      "user": ["desphixs@gmail.com"],
      "content_type": ["core", "product"],
      "object_id": "1",
      "object_repr": "Fresh Pear",
      "action_flag": 2,
      "change_message": "[{\"changed\": {\"fields\": [\"Vendor\"]}}]"
    }
  },
  {
    "model": "admin.logentry",
    "pk": 10,
    "fields": {
      "action_time": "2022-10-17T13:11:36.812Z",
      "user": ["desphixs@gmail.com"],
      "content_type": ["core", "vendor"],
      "object_id": "2",
      "object_repr": "Desphixs",
      "action_flag": 1,
      "change_message": "[{\"added\": {}}]"
    }
  },
  {
    "model": "admin.logentry",
    "pk": 11,
    "fields": {
      "action_time": "2022-10-17T13:11:46.889Z",
      "user": ["desphixs@gmail.com"],
      "content_type": ["core", "vendor"],
      "object_id": "2",
      "object_repr": "Desphixs",
      "action_flag": 2,
      "change_message": "[{\"changed\": {\"fields\": [\"User\"]}}]"
    }
  },
  {
    "model": "admin.logentry",
    "pk": 12,
    "fields": {
      "action_time": "2022-10-17T13:12:10.548Z",
      "user": ["desphixs@gmail.com"],
      "content_type": ["core", "product"],
      "object_id": "2",
      "object_repr": "Bannanas",
      "action_flag": 2,
      "change_message": "[{\"changed\": {\"fields\": [\"Vendor\"]}}, {\"added\": {\"name\": \"product images\", \"object\": \"ProductImages object (5)\"}}, {\"added\": {\"name\": \"product images\", \"object\": \"ProductImages object (6)\"}}, {\"added\": {\"name\": \"product images\", \"object\": \"ProductImages object (7)\"}}]"
    }
  },
  {
    "model": "admin.logentry",
    "pk": 13,
    "fields": {
      "action_time": "2022-10-17T13:12:27.398Z",
      "user": ["desphixs@gmail.com"],
      "content_type": ["core", "product"],
      "object_id": "3",
      "object_repr": "Body Lotion",
      "action_flag": 2,
      "change_message": "[{\"changed\": {\"fields\": [\"Vendor\"]}}]"
    }
  },
  {
    "model": "admin.logentry",
    "pk": 14,
    "fields": {
      "action_time": "2022-10-17T13:14:58.770Z",
      "user": ["desphixs@gmail.com"],
      "content_type": ["core", "product"],
      "object_id": "3",
      "object_repr": "Body Lotion",
      "action_flag": 2,
      "change_message": "[{\"changed\": {\"fields\": [\"Old price\"]}}]"
    }
  },
  {
    "model": "admin.logentry",
    "pk": 15,
    "fields": {
      "action_time": "2022-10-17T13:18:13.883Z",
      "user": ["desphixs@gmail.com"],
      "content_type": ["core", "product"],
      "object_id": "2",
      "object_repr": "Bannanas",
      "action_flag": 2,
      "change_message": "[{\"changed\": {\"fields\": [\"Product status\"]}}]"
    }
  },
  {
    "model": "admin.logentry",
    "pk": 16,
    "fields": {
      "action_time": "2022-10-17T13:18:26.601Z",
      "user": ["desphixs@gmail.com"],
      "content_type": ["core", "product"],
      "object_id": "2",
      "object_repr": "Bannanas",
      "action_flag": 2,
      "change_message": "[{\"changed\": {\"fields\": [\"Featured\"]}}]"
    }
  },
  {
    "model": "admin.logentry",
    "pk": 17,
    "fields": {
      "action_time": "2022-10-17T13:45:40.668Z",
      "user": ["desphixs@gmail.com"],
      "content_type": ["core", "product"],
      "object_id": "3",
      "object_repr": "Body Lotion",
      "action_flag": 2,
      "change_message": "[{\"changed\": {\"fields\": [\"Product status\"]}}]"
    }
  },
  {
    "model": "admin.logentry",
    "pk": 18,
    "fields": {
      "action_time": "2022-10-17T15:01:30.673Z",
      "user": ["desphixs@gmail.com"],
      "content_type": ["core", "vendor"],
      "object_id": "1",
      "object_repr": "Nestify",
      "action_flag": 2,
      "change_message": "[{\"changed\": {\"fields\": [\"Image\", \"Cover image\"]}}]"
    }
  },
  {
    "model": "admin.logentry",
    "pk": 19,
    "fields": {
      "action_time": "2022-10-17T15:01:56.956Z",
      "user": ["desphixs@gmail.com"],
      "content_type": ["core", "vendor"],
      "object_id": "2",
      "object_repr": "XFood",
      "action_flag": 2,
      "change_message": "[{\"changed\": {\"fields\": [\"Title\", \"Image\", \"Cover image\"]}}]"
    }
  },
  {
    "model": "admin.logentry",
    "pk": 20,
    "fields": {
      "action_time": "2022-10-18T14:46:41.363Z",
      "user": ["desphixs@gmail.com"],
      "content_type": ["core", "product"],
      "object_id": "3",
      "object_repr": "Body Lotion",
      "action_flag": 2,
      "change_message": "[{\"added\": {\"name\": \"product images\", \"object\": \"ProductImages object (8)\"}}, {\"added\": {\"name\": \"product images\", \"object\": \"ProductImages object (9)\"}}, {\"added\": {\"name\": \"product images\", \"object\": \"ProductImages object (10)\"}}]"
    }
  },
  {
    "model": "admin.logentry",
    "pk": 21,
    "fields": {
      "action_time": "2022-10-18T15:00:57.270Z",
      "user": ["desphixs@gmail.com"],
      "content_type": ["core", "product"],
      "object_id": "3",
      "object_repr": "Body Lotion",
      "action_flag": 2,
      "change_message": "[{\"changed\": {\"fields\": [\"Mfd\"]}}]"
    }
  },
  {
    "model": "admin.logentry",
    "pk": 22,
    "fields": {
      "action_time": "2022-10-18T15:02:06.472Z",
      "user": ["desphixs@gmail.com"],
      "content_type": ["core", "product"],
      "object_id": "1",
      "object_repr": "Fresh Pear",
      "action_flag": 2,
      "change_message": "[{\"changed\": {\"fields\": [\"Mfd\"]}}]"
    }
  },
  {
    "model": "admin.logentry",
    "pk": 23,
    "fields": {
      "action_time": "2022-10-18T15:04:18.297Z",
      "user": ["desphixs@gmail.com"],
      "content_type": ["core", "product"],
      "object_id": "1",
      "object_repr": "Fresh Pear",
      "action_flag": 2,
      "change_message": "[{\"changed\": {\"fields\": [\"Description\"]}}]"
    }
  },
  {
    "model": "admin.logentry",
    "pk": 24,
    "fields": {
      "action_time": "2022-10-18T15:06:38.772Z",
      "user": ["desphixs@gmail.com"],
      "content_type": ["core", "address"],
      "object_id": "1",
      "object_repr": "Address object (1)",
      "action_flag": 1,
      "change_message": "[{\"added\": {}}]"
    }
  },
  {
    "model": "admin.logentry",
    "pk": 25,
    "fields": {
      "action_time": "2022-10-18T15:11:01.652Z",
      "user": ["desphixs@gmail.com"],
      "content_type": ["core", "address"],
      "object_id": "1",
      "object_repr": "Address object (1)",
      "action_flag": 2,
      "change_message": "[{\"changed\": {\"fields\": [\"Status\"]}}]"
    }
  },
  {
    "model": "admin.logentry",
    "pk": 26,
    "fields": {
      "action_time": "2022-10-18T15:47:03.329Z",
      "user": ["desphixs@gmail.com"],
      "content_type": ["core", "product"],
      "object_id": "3",
      "object_repr": "Body Lotion",
      "action_flag": 2,
      "change_message": "[{\"changed\": {\"fields\": [\"Tags\"]}}]"
    }
  },
  {
    "model": "admin.logentry",
    "pk": 27,
    "fields": {
      "action_time": "2022-10-18T15:51:14.913Z",
      "user": ["desphixs@gmail.com"],
      "content_type": ["taggit", "tag"],
      "object_id": "4",
      "object_repr": "my name is destiny",
      "action_flag": 1,
      "change_message": "[{\"added\": {}}]"
    }
  },
  {
    "model": "admin.logentry",
    "pk": 28,
    "fields": {
      "action_time": "2022-10-18T16:05:25.150Z",
      "user": ["desphixs@gmail.com"],
      "content_type": ["core", "product"],
      "object_id": "2",
      "object_repr": "Bannanas",
      "action_flag": 2,
      "change_message": "[{\"changed\": {\"fields\": [\"Tags\"]}}]"
    }
  },
  {
    "model": "admin.logentry",
    "pk": 29,
    "fields": {
      "action_time": "2022-10-18T16:05:44.839Z",
      "user": ["desphixs@gmail.com"],
      "content_type": ["core", "product"],
      "object_id": "1",
      "object_repr": "Fresh Pear",
      "action_flag": 2,
      "change_message": "[{\"changed\": {\"fields\": [\"Tags\"]}}]"
    }
  },
  {
    "model": "admin.logentry",
    "pk": 30,
    "fields": {
      "action_time": "2022-10-20T08:57:22.179Z",
      "user": ["desphixs@gmail.com"],
      "content_type": ["core", "product"],
      "object_id": "1",
      "object_repr": "Fresh Pear",
      "action_flag": 2,
      "change_message": "[{\"changed\": {\"fields\": [\"Description\", \"Specifications\"]}}]"
    }
  },
  {
    "model": "admin.logentry",
    "pk": 31,
    "fields": {
      "action_time": "2022-10-20T11:32:38.742Z",
      "user": ["desphixs@gmail.com"],
      "content_type": ["core", "productreview"],
      "object_id": "1",
      "object_repr": "Fresh Pear",
      "action_flag": 1,
      "change_message": "[{\"added\": {}}]"
    }
  },
  {
    "model": "admin.logentry",
    "pk": 32,
    "fields": {
      "action_time": "2022-10-20T11:40:10.612Z",
      "user": ["desphixs@gmail.com"],
      "content_type": ["core", "productreview"],
      "object_id": "2",
      "object_repr": "Fresh Pear",
      "action_flag": 1,
      "change_message": "[{\"added\": {}}]"
    }
  },
  {
    "model": "admin.logentry",
    "pk": 33,
    "fields": {
      "action_time": "2022-10-20T11:46:07.872Z",
      "user": ["desphixs@gmail.com"],
      "content_type": ["core", "productreview"],
      "object_id": "2",
      "object_repr": "Fresh Pear",
      "action_flag": 2,
      "change_message": "[{\"changed\": {\"fields\": [\"Rating\"]}}]"
    }
  },
  {
    "model": "admin.logentry",
    "pk": 34,
    "fields": {
      "action_time": "2022-10-20T11:46:42.764Z",
      "user": ["desphixs@gmail.com"],
      "content_type": ["core", "productreview"],
      "object_id": "3",
      "object_repr": "Fresh Pear",
      "action_flag": 1,
      "change_message": "[{\"added\": {}}]"
    }
  },
  {
    "model": "admin.logentry",
    "pk": 35,
    "fields": {
      "action_time": "2022-10-20T12:40:31.255Z",
      "user": ["desphixs@gmail.com"],
      "content_type": ["core", "productreview"],
      "object_id": "8",
      "object_repr": "Fresh Pear",
      "action_flag": 3,
      "change_message": ""
    }
  },
  {
    "model": "admin.logentry",
    "pk": 36,
    "fields": {
      "action_time": "2022-10-20T12:40:31.359Z",
      "user": ["desphixs@gmail.com"],
      "content_type": ["core", "productreview"],
      "object_id": "7",
      "object_repr": "Fresh Pear",
      "action_flag": 3,
      "change_message": ""
    }
  },
  {
    "model": "admin.logentry",
    "pk": 37,
    "fields": {
      "action_time": "2022-10-20T12:40:31.560Z",
      "user": ["desphixs@gmail.com"],
      "content_type": ["core", "productreview"],
      "object_id": "6",
      "object_repr": "Fresh Pear",
      "action_flag": 3,
      "change_message": ""
    }
  },
  {
    "model": "admin.logentry",
    "pk": 38,
    "fields": {
      "action_time": "2022-10-20T12:40:31.763Z",
      "user": ["desphixs@gmail.com"],
      "content_type": ["core", "productreview"],
      "object_id": "5",
      "object_repr": "Fresh Pear",
      "action_flag": 3,
      "change_message": ""
    }
  },
  {
    "model": "admin.logentry",
    "pk": 39,
    "fields": {
      "action_time": "2022-10-20T12:40:31.925Z",
      "user": ["desphixs@gmail.com"],
      "content_type": ["core", "productreview"],
      "object_id": "4",
      "object_repr": "Fresh Pear",
      "action_flag": 3,
      "change_message": ""
    }
  },
  {
    "model": "admin.logentry",
    "pk": 40,
    "fields": {
      "action_time": "2022-10-20T12:40:32.095Z",
      "user": ["desphixs@gmail.com"],
      "content_type": ["core", "productreview"],
      "object_id": "3",
      "object_repr": "Fresh Pear",
      "action_flag": 3,
      "change_message": ""
    }
  },
  {
    "model": "admin.logentry",
    "pk": 41,
    "fields": {
      "action_time": "2022-10-20T12:40:32.250Z",
      "user": ["desphixs@gmail.com"],
      "content_type": ["core", "productreview"],
      "object_id": "2",
      "object_repr": "Fresh Pear",
      "action_flag": 3,
      "change_message": ""
    }
  },
  {
    "model": "admin.logentry",
    "pk": 42,
    "fields": {
      "action_time": "2022-10-20T12:40:32.397Z",
      "user": ["desphixs@gmail.com"],
      "content_type": ["core", "productreview"],
      "object_id": "1",
      "object_repr": "Fresh Pear",
      "action_flag": 3,
      "change_message": ""
    }
  },
  {
    "model": "admin.logentry",
    "pk": 43,
    "fields": {
      "action_time": "2022-10-20T12:54:57.961Z",
      "user": ["desphixs@gmail.com"],
      "content_type": ["core", "productreview"],
      "object_id": "21",
      "object_repr": "Fresh Pear",
      "action_flag": 3,
      "change_message": ""
    }
  },
  {
    "model": "admin.logentry",
    "pk": 44,
    "fields": {
      "action_time": "2022-10-20T12:54:58.065Z",
      "user": ["desphixs@gmail.com"],
      "content_type": ["core", "productreview"],
      "object_id": "20",
      "object_repr": "Fresh Pear",
      "action_flag": 3,
      "change_message": ""
    }
  },
  {
    "model": "admin.logentry",
    "pk": 45,
    "fields": {
      "action_time": "2022-10-20T12:54:58.147Z",
      "user": ["desphixs@gmail.com"],
      "content_type": ["core", "productreview"],
      "object_id": "19",
      "object_repr": "Fresh Pear",
      "action_flag": 3,
      "change_message": ""
    }
  },
  {
    "model": "admin.logentry",
    "pk": 46,
    "fields": {
      "action_time": "2022-10-20T12:54:58.231Z",
      "user": ["desphixs@gmail.com"],
      "content_type": ["core", "productreview"],
      "object_id": "18",
      "object_repr": "Fresh Pear",
      "action_flag": 3,
      "change_message": ""
    }
  },
  {
    "model": "admin.logentry",
    "pk": 47,
    "fields": {
      "action_time": "2022-10-20T12:54:58.331Z",
      "user": ["desphixs@gmail.com"],
      "content_type": ["core", "productreview"],
      "object_id": "17",
      "object_repr": "Fresh Pear",
      "action_flag": 3,
      "change_message": ""
    }
  },
  {
    "model": "admin.logentry",
    "pk": 48,
    "fields": {
      "action_time": "2022-10-20T12:54:58.419Z",
      "user": ["desphixs@gmail.com"],
      "content_type": ["core", "productreview"],
      "object_id": "16",
      "object_repr": "Fresh Pear",
      "action_flag": 3,
      "change_message": ""
    }
  },
  {
    "model": "admin.logentry",
    "pk": 49,
    "fields": {
      "action_time": "2022-10-20T12:54:58.557Z",
      "user": ["desphixs@gmail.com"],
      "content_type": ["core", "productreview"],
      "object_id": "15",
      "object_repr": "Fresh Pear",
      "action_flag": 3,
      "change_message": ""
    }
  },
  {
    "model": "admin.logentry",
    "pk": 50,
    "fields": {
      "action_time": "2022-10-20T12:54:58.734Z",
      "user": ["desphixs@gmail.com"],
      "content_type": ["core", "productreview"],
      "object_id": "14",
      "object_repr": "Fresh Pear",
      "action_flag": 3,
      "change_message": ""
    }
  },
  {
    "model": "admin.logentry",
    "pk": 51,
    "fields": {
      "action_time": "2022-10-20T12:54:58.819Z",
      "user": ["desphixs@gmail.com"],
      "content_type": ["core", "productreview"],
      "object_id": "13",
      "object_repr": "Fresh Pear",
      "action_flag": 3,
      "change_message": ""
    }
  },
  {
    "model": "admin.logentry",
    "pk": 52,
    "fields": {
      "action_time": "2022-10-20T12:54:58.919Z",
      "user": ["desphixs@gmail.com"],
      "content_type": ["core", "productreview"],
      "object_id": "12",
      "object_repr": "Fresh Pear",
      "action_flag": 3,
      "change_message": ""
    }
  },
  {
    "model": "admin.logentry",
    "pk": 53,
    "fields": {
      "action_time": "2022-10-20T12:54:59.000Z",
      "user": ["desphixs@gmail.com"],
      "content_type": ["core", "productreview"],
      "object_id": "11",
      "object_repr": "Fresh Pear",
      "action_flag": 3,
      "change_message": ""
    }
  },
  {
    "model": "admin.logentry",
    "pk": 54,
    "fields": {
      "action_time": "2022-10-20T12:54:59.086Z",
      "user": ["desphixs@gmail.com"],
      "content_type": ["core", "productreview"],
      "object_id": "10",
      "object_repr": "Fresh Pear",
      "action_flag": 3,
      "change_message": ""
    }
  },
  {
    "model": "admin.logentry",
    "pk": 55,
    "fields": {
      "action_time": "2022-10-20T12:54:59.186Z",
      "user": ["desphixs@gmail.com"],
      "content_type": ["core", "productreview"],
      "object_id": "9",
      "object_repr": "Fresh Pear",
      "action_flag": 3,
      "change_message": ""
    }
  },
  {
    "model": "admin.logentry",
    "pk": 56,
    "fields": {
      "action_time": "2022-10-20T13:11:13.832Z",
      "user": ["desphixs@gmail.com"],
      "content_type": ["core", "productreview"],
      "object_id": "25",
      "object_repr": "Fresh Pear",
      "action_flag": 3,
      "change_message": ""
    }
  },
  {
    "model": "admin.logentry",
    "pk": 57,
    "fields": {
      "action_time": "2022-10-20T13:11:13.940Z",
      "user": ["desphixs@gmail.com"],
      "content_type": ["core", "productreview"],
      "object_id": "24",
      "object_repr": "Fresh Pear",
      "action_flag": 3,
      "change_message": ""
    }
  },
  {
    "model": "admin.logentry",
    "pk": 58,
    "fields": {
      "action_time": "2022-10-20T13:11:14.019Z",
      "user": ["desphixs@gmail.com"],
      "content_type": ["core", "productreview"],
      "object_id": "23",
      "object_repr": "Fresh Pear",
      "action_flag": 3,
      "change_message": ""
    }
  },
  {
    "model": "admin.logentry",
    "pk": 59,
    "fields": {
      "action_time": "2022-10-20T13:11:14.107Z",
      "user": ["desphixs@gmail.com"],
      "content_type": ["core", "productreview"],
      "object_id": "22",
      "object_repr": "Fresh Pear",
      "action_flag": 3,
      "change_message": ""
    }
  },
  {
    "model": "admin.logentry",
    "pk": 60,
    "fields": {
      "action_time": "2022-10-22T11:31:07.926Z",
      "user": ["desphixs@gmail.com"],
      "content_type": ["core", "category"],
      "object_id": "3",
      "object_repr": "Clothings",
      "action_flag": 1,
      "change_message": "[{\"added\": {}}]"
    }
  },
  {
    "model": "admin.logentry",
    "pk": 61,
    "fields": {
      "action_time": "2022-10-24T12:50:32.670Z",
      "user": ["desphixs@gmail.com"],
      "content_type": ["core", "product"],
      "object_id": "4",
      "object_repr": "Carrots",
      "action_flag": 1,
      "change_message": "[{\"added\": {}}]"
    }
  },
  {
    "model": "admin.logentry",
    "pk": 62,
    "fields": {
      "action_time": "2022-11-01T16:52:55.609Z",
      "user": ["desphixs@gmail.com"],
      "content_type": ["core", "cartorder"],
      "object_id": "2",
      "object_repr": "CartOrder object (2)",
      "action_flag": 2,
      "change_message": "[{\"changed\": {\"fields\": [\"Paid status\", \"Product status\"]}}]"
    }
  },
  {
    "model": "admin.logentry",
    "pk": 63,
    "fields": {
      "action_time": "2022-11-06T12:04:43.828Z",
      "user": ["desphixs@gmail.com"],
      "content_type": ["taggit", "tag"],
      "object_id": "4",
      "object_repr": "fruits",
      "action_flag": 2,
      "change_message": "[{\"changed\": {\"fields\": [\"Name\", \"Slug\"]}}]"
    }
  },
  {
    "model": "admin.logentry",
    "pk": 64,
    "fields": {
      "action_time": "2022-11-06T12:04:58.841Z",
      "user": ["desphixs@gmail.com"],
      "content_type": ["taggit", "tag"],
      "object_id": "6",
      "object_repr": "cloths",
      "action_flag": 2,
      "change_message": "[{\"changed\": {\"fields\": [\"Name\", \"Slug\"]}}]"
    }
  },
  {
    "model": "admin.logentry",
    "pk": 65,
    "fields": {
      "action_time": "2022-11-06T12:05:16.052Z",
      "user": ["desphixs@gmail.com"],
      "content_type": ["taggit", "tag"],
      "object_id": "1",
      "object_repr": "creams",
      "action_flag": 2,
      "change_message": "[{\"changed\": {\"fields\": [\"Name\"]}}]"
    }
  },
  {
    "model": "admin.logentry",
    "pk": 66,
    "fields": {
      "action_time": "2022-11-06T12:05:36.368Z",
      "user": ["desphixs@gmail.com"],
      "content_type": ["taggit", "tag"],
      "object_id": "7",
      "object_repr": "carrots",
      "action_flag": 3,
      "change_message": ""
    }
  },
  {
    "model": "admin.logentry",
    "pk": 67,
    "fields": {
      "action_time": "2022-11-06T12:05:36.475Z",
      "user": ["desphixs@gmail.com"],
      "content_type": ["taggit", "tag"],
      "object_id": "5",
      "object_repr": "fruit",
      "action_flag": 3,
      "change_message": ""
    }
  },
  {
    "model": "admin.logentry",
    "pk": 68,
    "fields": {
      "action_time": "2022-11-06T12:05:36.586Z",
      "user": ["desphixs@gmail.com"],
      "content_type": ["taggit", "tag"],
      "object_id": "3",
      "object_repr": "lotion",
      "action_flag": 3,
      "change_message": ""
    }
  },
  {
    "model": "admin.logentry",
    "pk": 69,
    "fields": {
      "action_time": "2022-11-06T12:05:36.698Z",
      "user": ["desphixs@gmail.com"],
      "content_type": ["taggit", "tag"],
      "object_id": "2",
      "object_repr": "product",
      "action_flag": 3,
      "change_message": ""
    }
  },
  {
    "model": "admin.logentry",
    "pk": 70,
    "fields": {
      "action_time": "2022-11-06T12:07:41.919Z",
      "user": ["desphixs@gmail.com"],
      "content_type": ["core", "category"],
      "object_id": "4",
      "object_repr": "JoeFood",
      "action_flag": 1,
      "change_message": "[{\"added\": {}}]"
    }
  },
  {
    "model": "admin.logentry",
    "pk": 71,
    "fields": {
      "action_time": "2022-11-06T12:08:19.011Z",
      "user": ["desphixs@gmail.com"],
      "content_type": ["core", "category"],
      "object_id": "3",
      "object_repr": "Nature Foods",
      "action_flag": 2,
      "change_message": "[{\"changed\": {\"fields\": [\"Title\", \"Image\"]}}]"
    }
  },
  {
    "model": "admin.logentry",
    "pk": 72,
    "fields": {
      "action_time": "2022-11-06T12:08:56.750Z",
      "user": ["desphixs@gmail.com"],
      "content_type": ["core", "category"],
      "object_id": "3",
      "object_repr": "Cloths",
      "action_flag": 2,
      "change_message": "[{\"changed\": {\"fields\": [\"Title\", \"Image\"]}}]"
    }
  },
  {
    "model": "admin.logentry",
    "pk": 73,
    "fields": {
      "action_time": "2022-11-06T12:10:24.822Z",
      "user": ["desphixs@gmail.com"],
      "content_type": ["core", "category"],
      "object_id": "4",
      "object_repr": "Computers",
      "action_flag": 2,
      "change_message": "[{\"changed\": {\"fields\": [\"Title\", \"Image\"]}}]"
    }
  },
  {
    "model": "admin.logentry",
    "pk": 74,
    "fields": {
      "action_time": "2022-11-06T12:12:03.867Z",
      "user": ["desphixs@gmail.com"],
      "content_type": ["core", "category"],
      "object_id": "2",
      "object_repr": "Cosmetics",
      "action_flag": 2,
      "change_message": "[{\"changed\": {\"fields\": [\"Image\"]}}]"
    }
  },
  {
    "model": "admin.logentry",
    "pk": 75,
    "fields": {
      "action_time": "2022-11-06T12:13:46.825Z",
      "user": ["desphixs@gmail.com"],
      "content_type": ["core", "category"],
      "object_id": "5",
      "object_repr": "Snacks",
      "action_flag": 1,
      "change_message": "[{\"added\": {}}]"
    }
  },
  {
    "model": "admin.logentry",
    "pk": 76,
    "fields": {
      "action_time": "2022-11-06T12:14:34.620Z",
      "user": ["desphixs@gmail.com"],
      "content_type": ["core", "category"],
      "object_id": "5",
      "object_repr": "Snacks",
      "action_flag": 2,
      "change_message": "[{\"changed\": {\"fields\": [\"Image\"]}}]"
    }
  },
  {
    "model": "admin.logentry",
    "pk": 77,
    "fields": {
      "action_time": "2022-11-06T12:22:29.660Z",
      "user": ["desphixs@gmail.com"],
      "content_type": ["core", "category"],
      "object_id": "5",
      "object_repr": "Snacks",
      "action_flag": 2,
      "change_message": "[{\"changed\": {\"fields\": [\"Image\"]}}]"
    }
  },
  {
    "model": "admin.logentry",
    "pk": 78,
    "fields": {
      "action_time": "2022-11-06T12:25:24.764Z",
      "user": ["desphixs@gmail.com"],
      "content_type": ["core", "category"],
      "object_id": "6",
      "object_repr": "Skin Care",
      "action_flag": 1,
      "change_message": "[{\"added\": {}}]"
    }
  },
  {
    "model": "admin.logentry",
    "pk": 79,
    "fields": {
      "action_time": "2022-11-06T12:28:33.451Z",
      "user": ["desphixs@gmail.com"],
      "content_type": ["core", "vendor"],
      "object_id": "3",
      "object_repr": "Nature Foods",
      "action_flag": 1,
      "change_message": "[{\"added\": {}}]"
    }
  },
  {
    "model": "admin.logentry",
    "pk": 80,
    "fields": {
      "action_time": "2022-11-06T12:29:18.244Z",
      "user": ["desphixs@gmail.com"],
      "content_type": ["core", "vendor"],
      "object_id": "4",
      "object_repr": "Nestify",
      "action_flag": 1,
      "change_message": "[{\"added\": {}}]"
    }
  },
  {
    "model": "admin.logentry",
    "pk": 81,
    "fields": {
      "action_time": "2022-11-06T12:29:37.236Z",
      "user": ["desphixs@gmail.com"],
      "content_type": ["core", "vendor"],
      "object_id": "4",
      "object_repr": "NestFOOD",
      "action_flag": 2,
      "change_message": "[{\"changed\": {\"fields\": [\"Title\"]}}]"
    }
  },
  {
    "model": "admin.logentry",
    "pk": 82,
    "fields": {
      "action_time": "2022-11-06T12:30:17.758Z",
      "user": ["desphixs@gmail.com"],
      "content_type": ["core", "vendor"],
      "object_id": "5",
      "object_repr": "Healthy Roots",
      "action_flag": 1,
      "change_message": "[{\"added\": {}}]"
    }
  },
  {
    "model": "admin.logentry",
    "pk": 83,
    "fields": {
      "action_time": "2022-11-06T12:31:28.284Z",
      "user": ["desphixs@gmail.com"],
      "content_type": ["core", "vendor"],
      "object_id": "6",
      "object_repr": "DestFood",
      "action_flag": 1,
      "change_message": "[{\"added\": {}}]"
    }
  },
  {
    "model": "admin.logentry",
    "pk": 84,
    "fields": {
      "action_time": "2022-11-06T22:55:32.014Z",
      "user": ["desphixs@gmail.com"],
      "content_type": ["core", "address"],
      "object_id": "1",
      "object_repr": "Address object (1)",
      "action_flag": 2,
      "change_message": "[{\"changed\": {\"fields\": [\"Mobile\"]}}]"
    }
  },
  {
    "model": "admin.logentry",
    "pk": 85,
    "fields": {
      "action_time": "2022-11-06T23:15:47.288Z",
      "user": ["desphixs@gmail.com"],
      "content_type": ["core", "address"],
      "object_id": "2",
      "object_repr": "Address object (2)",
      "action_flag": 2,
      "change_message": "[{\"changed\": {\"fields\": [\"Address\"]}}]"
    }
  },
  {
    "model": "admin.logentry",
    "pk": 86,
    "fields": {
      "action_time": "2022-11-06T23:16:01.854Z",
      "user": ["desphixs@gmail.com"],
      "content_type": ["core", "address"],
      "object_id": "2",
      "object_repr": "Address object (2)",
      "action_flag": 2,
      "change_message": "[{\"changed\": {\"fields\": [\"Status\"]}}]"
    }
  },
  {
    "model": "admin.logentry",
    "pk": 87,
    "fields": {
      "action_time": "2022-11-06T23:23:38.013Z",
      "user": ["desphixs@gmail.com"],
      "content_type": ["core", "address"],
      "object_id": "2",
      "object_repr": "Address object (2)",
      "action_flag": 2,
      "change_message": "[{\"changed\": {\"fields\": [\"Status\"]}}]"
    }
  },
  {
    "model": "admin.logentry",
    "pk": 88,
    "fields": {
      "action_time": "2022-11-06T23:24:19.503Z",
      "user": ["desphixs@gmail.com"],
      "content_type": ["core", "address"],
      "object_id": "2",
      "object_repr": "Address object (2)",
      "action_flag": 2,
      "change_message": "[{\"changed\": {\"fields\": [\"Status\"]}}]"
    }
  },
  {
    "model": "admin.logentry",
    "pk": 89,
    "fields": {
      "action_time": "2022-11-06T23:41:10.685Z",
      "user": ["desphixs@gmail.com"],
      "content_type": ["core", "address"],
      "object_id": "3",
      "object_repr": "Address object (3)",
      "action_flag": 2,
      "change_message": "[{\"changed\": {\"fields\": [\"Address\", \"Status\"]}}]"
    }
  },
  {
    "model": "admin.logentry",
    "pk": 90,
    "fields": {
      "action_time": "2022-11-06T23:41:10.952Z",
      "user": ["desphixs@gmail.com"],
      "content_type": ["core", "address"],
      "object_id": "2",
      "object_repr": "Address object (2)",
      "action_flag": 2,
      "change_message": "[{\"changed\": {\"fields\": [\"Status\"]}}]"
    }
  },
  {
    "model": "admin.logentry",
    "pk": 91,
    "fields": {
      "action_time": "2022-11-06T23:42:57.475Z",
      "user": ["desphixs@gmail.com"],
      "content_type": ["core", "address"],
      "object_id": "3",
      "object_repr": "Address object (3)",
      "action_flag": 2,
      "change_message": "[{\"changed\": {\"fields\": [\"Status\"]}}]"
    }
  },
  {
    "model": "admin.logentry",
    "pk": 92,
    "fields": {
      "action_time": "2022-11-06T23:42:57.661Z",
      "user": ["desphixs@gmail.com"],
      "content_type": ["core", "address"],
      "object_id": "2",
      "object_repr": "Address object (2)",
      "action_flag": 2,
      "change_message": "[{\"changed\": {\"fields\": [\"Status\"]}}]"
    }
  },
  {
    "model": "admin.logentry",
    "pk": 93,
    "fields": {
      "action_time": "2022-11-07T11:36:25.503Z",
      "user": ["desphixs@gmail.com"],
      "content_type": ["core", "cartorder"],
      "object_id": "1",
      "object_repr": "CartOrder object (1)",
      "action_flag": 2,
      "change_message": "[{\"changed\": {\"fields\": [\"Order date\"]}}]"
    }
  },
  {
    "model": "admin.logentry",
    "pk": 94,
    "fields": {
      "action_time": "2022-11-07T11:37:32.436Z",
      "user": ["desphixs@gmail.com"],
      "content_type": ["core", "cartorder"],
      "object_id": "2",
      "object_repr": "CartOrder object (2)",
      "action_flag": 2,
      "change_message": "[]"
    }
  },
  {
    "model": "admin.logentry",
    "pk": 95,
    "fields": {
      "action_time": "2022-11-07T11:37:53.537Z",
      "user": ["desphixs@gmail.com"],
      "content_type": ["core", "cartorder"],
      "object_id": "3",
      "object_repr": "CartOrder object (3)",
      "action_flag": 2,
      "change_message": "[{\"changed\": {\"fields\": [\"Order date\"]}}]"
    }
  },
  {
    "model": "admin.logentry",
    "pk": 96,
    "fields": {
      "action_time": "2022-11-07T11:47:45.716Z",
      "user": ["desphixs@gmail.com"],
      "content_type": ["core", "cartorder"],
      "object_id": "4",
      "object_repr": "CartOrder object (4)",
      "action_flag": 2,
      "change_message": "[{\"changed\": {\"fields\": [\"Order date\"]}}]"
    }
  },
  {
    "model": "admin.logentry",
    "pk": 97,
    "fields": {
      "action_time": "2022-11-07T11:47:58.917Z",
      "user": ["desphixs@gmail.com"],
      "content_type": ["core", "cartorder"],
      "object_id": "5",
      "object_repr": "CartOrder object (5)",
      "action_flag": 2,
      "change_message": "[{\"changed\": {\"fields\": [\"Order date\"]}}]"
    }
  },
  {
    "model": "admin.logentry",
    "pk": 98,
    "fields": {
      "action_time": "2022-11-07T11:48:12.140Z",
      "user": ["desphixs@gmail.com"],
      "content_type": ["core", "cartorder"],
      "object_id": "2",
      "object_repr": "CartOrder object (2)",
      "action_flag": 2,
      "change_message": "[{\"changed\": {\"fields\": [\"Order date\"]}}]"
    }
  },
  {
    "model": "admin.logentry",
    "pk": 99,
    "fields": {
      "action_time": "2022-11-07T11:48:44.888Z",
      "user": ["desphixs@gmail.com"],
      "content_type": ["core", "cartorder"],
      "object_id": "6",
      "object_repr": "CartOrder object (6)",
      "action_flag": 2,
      "change_message": "[{\"changed\": {\"fields\": [\"Order date\"]}}]"
    }
  },
  {
    "model": "admin.logentry",
    "pk": 100,
    "fields": {
      "action_time": "2022-11-07T11:48:58.185Z",
      "user": ["desphixs@gmail.com"],
      "content_type": ["core", "cartorder"],
      "object_id": "8",
      "object_repr": "CartOrder object (8)",
      "action_flag": 2,
      "change_message": "[{\"changed\": {\"fields\": [\"Order date\"]}}]"
    }
  },
  {
    "model": "admin.logentry",
    "pk": 101,
    "fields": {
      "action_time": "2022-11-07T11:49:19.743Z",
      "user": ["desphixs@gmail.com"],
      "content_type": ["core", "cartorder"],
      "object_id": "12",
      "object_repr": "CartOrder object (12)",
      "action_flag": 2,
      "change_message": "[{\"changed\": {\"fields\": [\"Order date\"]}}]"
    }
  },
  {
    "model": "admin.logentry",
    "pk": 102,
    "fields": {
      "action_time": "2022-11-07T11:49:30.820Z",
      "user": ["desphixs@gmail.com"],
      "content_type": ["core", "cartorder"],
      "object_id": "16",
      "object_repr": "CartOrder object (16)",
      "action_flag": 2,
      "change_message": "[{\"changed\": {\"fields\": [\"Order date\"]}}]"
    }
  },
  {
    "model": "admin.logentry",
    "pk": 103,
    "fields": {
      "action_time": "2022-11-07T17:20:31.372Z",
      "user": ["desphixs@gmail.com"],
      "content_type": ["core", "product"],
      "object_id": "5",
      "object_repr": "Sushi",
      "action_flag": 1,
      "change_message": "[{\"added\": {}}, {\"added\": {\"name\": \"product images\", \"object\": \"ProductImages object (11)\"}}, {\"added\": {\"name\": \"product images\", \"object\": \"ProductImages object (12)\"}}, {\"added\": {\"name\": \"product images\", \"object\": \"ProductImages object (13)\"}}]"
    }
  },
  {
    "model": "admin.logentry",
    "pk": 104,
    "fields": {
      "action_time": "2022-11-07T17:27:17.427Z",
      "user": ["desphixs@gmail.com"],
      "content_type": ["core", "product"],
      "object_id": "6",
      "object_repr": "Jollof Rice",
      "action_flag": 1,
      "change_message": "[{\"added\": {}}, {\"added\": {\"name\": \"product images\", \"object\": \"ProductImages object (14)\"}}, {\"added\": {\"name\": \"product images\", \"object\": \"ProductImages object (15)\"}}]"
    }
  },
  {
    "model": "admin.logentry",
    "pk": 105,
    "fields": {
      "action_time": "2022-11-07T17:36:21.210Z",
      "user": ["desphixs@gmail.com"],
      "content_type": ["core", "product"],
      "object_id": "7",
      "object_repr": "Chicken Pizza",
      "action_flag": 1,
      "change_message": "[{\"added\": {}}, {\"added\": {\"name\": \"product images\", \"object\": \"ProductImages object (16)\"}}, {\"added\": {\"name\": \"product images\", \"object\": \"ProductImages object (17)\"}}, {\"added\": {\"name\": \"product images\", \"object\": \"ProductImages object (18)\"}}]"
    }
  },
  {
    "model": "admin.logentry",
    "pk": 106,
    "fields": {
      "action_time": "2022-11-07T17:40:16.232Z",
      "user": ["desphixs@gmail.com"],
      "content_type": ["core", "product"],
      "object_id": "8",
      "object_repr": "Sesame Ramen Noddles",
      "action_flag": 1,
      "change_message": "[{\"added\": {}}, {\"added\": {\"name\": \"product images\", \"object\": \"ProductImages object (19)\"}}, {\"added\": {\"name\": \"product images\", \"object\": \"ProductImages object (20)\"}}, {\"added\": {\"name\": \"product images\", \"object\": \"ProductImages object (21)\"}}]"
    }
  },
  {
    "model": "admin.logentry",
    "pk": 107,
    "fields": {
      "action_time": "2022-11-07T17:44:19.264Z",
      "user": ["desphixs@gmail.com"],
      "content_type": ["core", "product"],
      "object_id": "9",
      "object_repr": "Chocolate Bread",
      "action_flag": 1,
      "change_message": "[{\"added\": {}}, {\"added\": {\"name\": \"product images\", \"object\": \"ProductImages object (22)\"}}, {\"added\": {\"name\": \"product images\", \"object\": \"ProductImages object (23)\"}}, {\"added\": {\"name\": \"product images\", \"object\": \"ProductImages object (24)\"}}]"
    }
  },
  {
    "model": "admin.logentry",
    "pk": 108,
    "fields": {
      "action_time": "2022-11-07T17:52:44.974Z",
      "user": ["desphixs@gmail.com"],
      "content_type": ["core", "product"],
      "object_id": "3",
      "object_repr": "Body Lotion",
      "action_flag": 2,
      "change_message": "[{\"changed\": {\"fields\": [\"Featured\"]}}]"
    }
  },
  {
    "model": "admin.logentry",
    "pk": 109,
    "fields": {
      "action_time": "2022-11-07T19:31:44.310Z",
      "user": ["desphixs@gmail.com"],
      "content_type": ["core", "product"],
      "object_id": "7",
      "object_repr": "Chicken Pizza",
      "action_flag": 2,
      "change_message": "[{\"changed\": {\"fields\": [\"Price\"]}}]"
    }
  },
  {
    "model": "admin.logentry",
    "pk": 110,
    "fields": {
      "action_time": "2022-11-07T19:31:44.605Z",
      "user": ["desphixs@gmail.com"],
      "content_type": ["core", "product"],
      "object_id": "4",
      "object_repr": "Carrots",
      "action_flag": 2,
      "change_message": "[{\"changed\": {\"fields\": [\"Price\"]}}]"
    }
  },
  {
    "model": "admin.logentry",
    "pk": 111,
    "fields": {
      "action_time": "2022-11-07T19:31:44.888Z",
      "user": ["desphixs@gmail.com"],
      "content_type": ["core", "product"],
      "object_id": "2",
      "object_repr": "Bannanas",
      "action_flag": 2,
      "change_message": "[{\"changed\": {\"fields\": [\"Price\"]}}]"
    }
  },
  {
    "model": "admin.logentry",
    "pk": 112,
    "fields": {
      "action_time": "2022-11-07T19:31:45.156Z",
      "user": ["desphixs@gmail.com"],
      "content_type": ["core", "product"],
      "object_id": "1",
      "object_repr": "Fresh Pear",
      "action_flag": 2,
      "change_message": "[{\"changed\": {\"fields\": [\"Price\"]}}]"
    }
  },
  {
    "model": "admin.logentry",
    "pk": 113,
    "fields": {
      "action_time": "2022-11-09T15:20:55.644Z",
      "user": ["desphixs@gmail.com"],
      "content_type": ["userauths", "contactus"],
      "object_id": "1",
      "object_repr": "Stewart Guy",
      "action_flag": 1,
      "change_message": "[{\"added\": {}}]"
    }
  },
  {
    "model": "admin.logentry",
    "pk": 114,
    "fields": {
      "action_time": "2022-11-09T15:50:22.088Z",
      "user": ["desphixs@gmail.com"],
      "content_type": ["userauths", "profile"],
      "object_id": "1",
      "object_repr": "Destiny Franks",
      "action_flag": 1,
      "change_message": "[{\"added\": {}}]"
    }
  },
  {
    "model": "admin.logentry",
    "pk": 115,
    "fields": {
      "action_time": "2022-11-09T16:06:26.864Z",
      "user": ["desphixs@gmail.com"],
      "content_type": ["userauths", "profile"],
      "object_id": "1",
      "object_repr": "Destiny Franks",
      "action_flag": 2,
      "change_message": "[{\"changed\": {\"fields\": [\"Verified\"]}}]"
    }
  },
  {
    "model": "admin.logentry",
    "pk": 116,
    "fields": {
      "action_time": "2022-11-09T16:13:45.360Z",
      "user": ["desphixs@gmail.com"],
      "content_type": ["userauths", "profile"],
      "object_id": "1",
      "object_repr": "Destiny Franks",
      "action_flag": 2,
      "change_message": "[{\"changed\": {\"fields\": [\"Verified\"]}}]"
    }
  },
  {
    "model": "admin.logentry",
    "pk": 117,
    "fields": {
      "action_time": "2022-11-14T17:01:19.593Z",
      "user": ["desphixs@gmail.com"],
      "content_type": ["core", "product"],
      "object_id": "10",
      "object_repr": "Boozy  Chocolate Milkshakes",
      "action_flag": 1,
      "change_message": "[{\"added\": {}}, {\"added\": {\"name\": \"product images\", \"object\": \"ProductImages object (25)\"}}]"
    }
  },
  {
    "model": "admin.logentry",
    "pk": 118,
    "fields": {
      "action_time": "2022-11-14T17:02:04.077Z",
      "user": ["desphixs@gmail.com"],
      "content_type": ["core", "product"],
      "object_id": "10",
      "object_repr": "Boozy  Chocolate Milkshakes",
      "action_flag": 2,
      "change_message": "[{\"changed\": {\"fields\": [\"Price\", \"Featured\", \"Product status\"]}}]"
    }
  },
  {
    "model": "admin.logentry",
    "pk": 119,
    "fields": {
      "action_time": "2022-11-14T17:02:04.333Z",
      "user": ["desphixs@gmail.com"],
      "content_type": ["core", "product"],
      "object_id": "9",
      "object_repr": "Chocolate Bread",
      "action_flag": 2,
      "change_message": "[{\"changed\": {\"fields\": [\"Price\"]}}]"
    }
  },
  {
    "model": "admin.logentry",
    "pk": 120,
    "fields": {
      "action_time": "2022-11-14T17:03:48.737Z",
      "user": ["desphixs@gmail.com"],
      "content_type": ["core", "product"],
      "object_id": "11",
      "object_repr": "Vanilla Cake",
      "action_flag": 1,
      "change_message": "[{\"added\": {}}, {\"added\": {\"name\": \"product images\", \"object\": \"ProductImages object (26)\"}}, {\"added\": {\"name\": \"product images\", \"object\": \"ProductImages object (27)\"}}]"
    }
  },
  {
    "model": "admin.logentry",
    "pk": 121,
    "fields": {
      "action_time": "2022-11-14T17:04:37.618Z",
      "user": ["desphixs@gmail.com"],
      "content_type": ["core", "product"],
      "object_id": "10",
      "object_repr": "Boozy  Chocolate Milkshakes",
      "action_flag": 2,
      "change_message": "[{\"changed\": {\"fields\": [\"Price\"]}}]"
    }
  },
  {
    "model": "admin.logentry",
    "pk": 122,
    "fields": {
      "action_time": "2022-11-14T17:08:13.287Z",
      "user": ["desphixs@gmail.com"],
      "content_type": ["core", "product"],
      "object_id": "12",
      "object_repr": "Double Beef Fried chicken Bacon",
      "action_flag": 1,
      "change_message": "[{\"added\": {}}]"
    }
  },
  {
    "model": "admin.logentry",
    "pk": 123,
    "fields": {
      "action_time": "2022-11-14T17:08:20.882Z",
      "user": ["desphixs@gmail.com"],
      "content_type": ["core", "product"],
      "object_id": "12",
      "object_repr": "Double Beef Fried chicken Bacon",
      "action_flag": 2,
      "change_message": "[{\"changed\": {\"fields\": [\"Featured\", \"Product status\"]}}]"
    }
  },
  {
    "model": "admin.logentry",
    "pk": 124,
    "fields": {
      "action_time": "2022-11-14T17:12:34.076Z",
      "user": ["desphixs@gmail.com"],
      "content_type": ["core", "product"],
      "object_id": "4",
      "object_repr": "Fried Rice",
      "action_flag": 2,
      "change_message": "[{\"changed\": {\"fields\": [\"Title\"]}}]"
    }
  },
  {
    "model": "admin.logentry",
    "pk": 125,
    "fields": {
      "action_time": "2022-11-14T17:12:34.442Z",
      "user": ["desphixs@gmail.com"],
      "content_type": ["core", "product"],
      "object_id": "3",
      "object_repr": "Baked BBQ Chicken",
      "action_flag": 2,
      "change_message": "[{\"changed\": {\"fields\": [\"Title\"]}}]"
    }
  },
  {
    "model": "admin.logentry",
    "pk": 126,
    "fields": {
      "action_time": "2022-11-14T17:12:34.709Z",
      "user": ["desphixs@gmail.com"],
      "content_type": ["core", "product"],
      "object_id": "2",
      "object_repr": "Bananna Bread",
      "action_flag": 2,
      "change_message": "[{\"changed\": {\"fields\": [\"Title\"]}}]"
    }
  },
  {
    "model": "admin.logentry",
    "pk": 127,
    "fields": {
      "action_time": "2022-11-14T17:15:05.049Z",
      "user": ["desphixs@gmail.com"],
      "content_type": ["core", "product"],
      "object_id": "1",
      "object_repr": "Baked Fish",
      "action_flag": 2,
      "change_message": "[{\"changed\": {\"fields\": [\"Title\"]}}]"
    }
  },
  {
    "model": "admin.logentry",
    "pk": 128,
    "fields": {
      "action_time": "2022-11-14T17:15:17.774Z",
      "user": ["desphixs@gmail.com"],
      "content_type": ["core", "product"],
      "object_id": "4",
      "object_repr": "Fried Rice",
      "action_flag": 2,
      "change_message": "[{\"changed\": {\"fields\": [\"Image\"]}}]"
    }
  },
  {
    "model": "admin.logentry",
    "pk": 129,
    "fields": {
      "action_time": "2022-11-14T17:15:27.673Z",
      "user": ["desphixs@gmail.com"],
      "content_type": ["core", "product"],
      "object_id": "3",
      "object_repr": "Baked BBQ Chicken",
      "action_flag": 2,
      "change_message": "[{\"changed\": {\"fields\": [\"Image\", \"Description\"]}}]"
    }
  },
  {
    "model": "admin.logentry",
    "pk": 130,
    "fields": {
      "action_time": "2022-11-14T17:15:41.612Z",
      "user": ["desphixs@gmail.com"],
      "content_type": ["core", "product"],
      "object_id": "2",
      "object_repr": "Bananna Bread",
      "action_flag": 2,
      "change_message": "[{\"changed\": {\"fields\": [\"Image\", \"Description\"]}}]"
    }
  },
  {
    "model": "admin.logentry",
    "pk": 131,
    "fields": {
      "action_time": "2022-11-14T17:15:51.831Z",
      "user": ["desphixs@gmail.com"],
      "content_type": ["core", "product"],
      "object_id": "3",
      "object_repr": "Baked BBQ Chicken",
      "action_flag": 2,
      "change_message": "[{\"changed\": {\"fields\": [\"Image\"]}}]"
    }
  },
  {
    "model": "admin.logentry",
    "pk": 132,
    "fields": {
      "action_time": "2022-11-14T17:16:42.684Z",
      "user": ["desphixs@gmail.com"],
      "content_type": ["core", "product"],
      "object_id": "1",
      "object_repr": "Brazillian Baked Fish",
      "action_flag": 2,
      "change_message": "[{\"changed\": {\"fields\": [\"Title\"]}}]"
    }
  },
  {
    "model": "admin.logentry",
    "pk": 133,
    "fields": {
      "action_time": "2022-11-14T17:16:53.225Z",
      "user": ["desphixs@gmail.com"],
      "content_type": ["core", "product"],
      "object_id": "1",
      "object_repr": "Brazillian Baked Fish",
      "action_flag": 2,
      "change_message": "[{\"changed\": {\"fields\": [\"Image\"]}}]"
    }
  },
  {
    "model": "admin.logentry",
    "pk": 134,
    "fields": {
      "action_time": "2022-11-14T17:18:23.652Z",
      "user": ["desphixs@gmail.com"],
      "content_type": ["core", "product"],
      "object_id": "1",
      "object_repr": "Brazillian Baked Fish",
      "action_flag": 2,
      "change_message": "[{\"changed\": {\"fields\": [\"Price\", \"Old price\"]}}]"
    }
  },
  {
    "model": "admin.logentry",
    "pk": 135,
    "fields": {
      "action_time": "2022-11-14T17:20:30.975Z",
      "user": ["desphixs@gmail.com"],
      "content_type": ["core", "product"],
      "object_id": "13",
      "object_repr": "Home-Made BBQ Grilled Chicken",
      "action_flag": 1,
      "change_message": "[{\"added\": {}}]"
    }
  },
  {
    "model": "admin.logentry",
    "pk": 136,
    "fields": {
      "action_time": "2022-11-14T17:22:12.229Z",
      "user": ["desphixs@gmail.com"],
      "content_type": ["core", "product"],
      "object_id": "14",
      "object_repr": "Spatchcock BBQ Chicken",
      "action_flag": 1,
      "change_message": "[{\"added\": {}}]"
    }
  },
  {
    "model": "admin.logentry",
    "pk": 137,
    "fields": {
      "action_time": "2022-11-14T17:24:19.338Z",
      "user": ["desphixs@gmail.com"],
      "content_type": ["core", "product"],
      "object_id": "15",
      "object_repr": "Red Velvet Cake",
      "action_flag": 1,
      "change_message": "[{\"added\": {}}]"
    }
  },
  {
    "model": "admin.logentry",
    "pk": 138,
    "fields": {
      "action_time": "2022-11-14T17:24:42.765Z",
      "user": ["desphixs@gmail.com"],
      "content_type": ["core", "product"],
      "object_id": "15",
      "object_repr": "Red Velvet Cake",
      "action_flag": 2,
      "change_message": "[{\"changed\": {\"fields\": [\"Price\"]}}]"
    }
  },
  {
    "model": "admin.logentry",
    "pk": 139,
    "fields": {
      "action_time": "2022-11-14T17:33:26.418Z",
      "user": ["desphixs@gmail.com"],
      "content_type": ["core", "cartorder"],
      "object_id": "20",
      "object_repr": "CartOrder object (20)",
      "action_flag": 2,
      "change_message": "[{\"changed\": {\"fields\": [\"Paid status\"]}}]"
    }
  },
  {
    "model": "admin.logentry",
    "pk": 140,
    "fields": {
      "action_time": "2022-11-14T17:33:26.655Z",
      "user": ["desphixs@gmail.com"],
      "content_type": ["core", "cartorder"],
      "object_id": "19",
      "object_repr": "CartOrder object (19)",
      "action_flag": 2,
      "change_message": "[{\"changed\": {\"fields\": [\"Paid status\"]}}]"
    }
  },
  {
    "model": "admin.logentry",
    "pk": 141,
    "fields": {
      "action_time": "2022-11-14T17:33:27.011Z",
      "user": ["desphixs@gmail.com"],
      "content_type": ["core", "cartorder"],
      "object_id": "17",
      "object_repr": "CartOrder object (17)",
      "action_flag": 2,
      "change_message": "[{\"changed\": {\"fields\": [\"Paid status\"]}}]"
    }
  },
  {
    "model": "admin.logentry",
    "pk": 142,
    "fields": {
      "action_time": "2022-11-14T17:33:27.303Z",
      "user": ["desphixs@gmail.com"],
      "content_type": ["core", "cartorder"],
      "object_id": "16",
      "object_repr": "CartOrder object (16)",
      "action_flag": 2,
      "change_message": "[{\"changed\": {\"fields\": [\"Paid status\"]}}]"
    }
  },
  {
    "model": "admin.logentry",
    "pk": 143,
    "fields": {
      "action_time": "2022-11-14T17:33:27.631Z",
      "user": ["desphixs@gmail.com"],
      "content_type": ["core", "cartorder"],
      "object_id": "14",
      "object_repr": "CartOrder object (14)",
      "action_flag": 2,
      "change_message": "[{\"changed\": {\"fields\": [\"Paid status\"]}}]"
    }
  },
  {
    "model": "admin.logentry",
    "pk": 144,
    "fields": {
      "action_time": "2022-11-14T17:33:27.945Z",
      "user": ["desphixs@gmail.com"],
      "content_type": ["core", "cartorder"],
      "object_id": "11",
      "object_repr": "CartOrder object (11)",
      "action_flag": 2,
      "change_message": "[{\"changed\": {\"fields\": [\"Paid status\"]}}]"
    }
  },
  {
    "model": "admin.logentry",
    "pk": 145,
    "fields": {
      "action_time": "2022-11-14T17:33:28.325Z",
      "user": ["desphixs@gmail.com"],
      "content_type": ["core", "cartorder"],
      "object_id": "10",
      "object_repr": "CartOrder object (10)",
      "action_flag": 2,
      "change_message": "[{\"changed\": {\"fields\": [\"Paid status\"]}}]"
    }
  },
  {
    "model": "admin.logentry",
    "pk": 146,
    "fields": {
      "action_time": "2022-11-14T17:33:29.099Z",
      "user": ["desphixs@gmail.com"],
      "content_type": ["core", "cartorder"],
      "object_id": "9",
      "object_repr": "CartOrder object (9)",
      "action_flag": 2,
      "change_message": "[{\"changed\": {\"fields\": [\"Paid status\"]}}]"
    }
  },
  {
    "model": "admin.logentry",
    "pk": 147,
    "fields": {
      "action_time": "2022-11-14T17:33:29.532Z",
      "user": ["desphixs@gmail.com"],
      "content_type": ["core", "cartorder"],
      "object_id": "7",
      "object_repr": "CartOrder object (7)",
      "action_flag": 2,
      "change_message": "[{\"changed\": {\"fields\": [\"Paid status\"]}}]"
    }
  },
  {
    "model": "admin.logentry",
    "pk": 148,
    "fields": {
      "action_time": "2022-11-14T17:33:30.264Z",
      "user": ["desphixs@gmail.com"],
      "content_type": ["core", "cartorder"],
      "object_id": "6",
      "object_repr": "CartOrder object (6)",
      "action_flag": 2,
      "change_message": "[{\"changed\": {\"fields\": [\"Paid status\"]}}]"
    }
  },
  {
    "model": "admin.logentry",
    "pk": 149,
    "fields": {
      "action_time": "2022-11-14T17:33:30.852Z",
      "user": ["desphixs@gmail.com"],
      "content_type": ["core", "cartorder"],
      "object_id": "4",
      "object_repr": "CartOrder object (4)",
      "action_flag": 2,
      "change_message": "[{\"changed\": {\"fields\": [\"Paid status\"]}}]"
    }
  },
  {
    "model": "admin.logentry",
    "pk": 150,
    "fields": {
      "action_time": "2022-11-14T17:34:24.794Z",
      "user": ["desphixs@gmail.com"],
      "content_type": ["core", "cartorder"],
      "object_id": "19",
      "object_repr": "CartOrder object (19)",
      "action_flag": 3,
      "change_message": ""
    }
  },
  {
    "model": "admin.logentry",
    "pk": 151,
    "fields": {
      "action_time": "2022-11-14T17:34:24.928Z",
      "user": ["desphixs@gmail.com"],
      "content_type": ["core", "cartorder"],
      "object_id": "18",
      "object_repr": "CartOrder object (18)",
      "action_flag": 3,
      "change_message": ""
    }
  },
  {
    "model": "admin.logentry",
    "pk": 152,
    "fields": {
      "action_time": "2022-11-14T17:34:25.027Z",
      "user": ["desphixs@gmail.com"],
      "content_type": ["core", "cartorder"],
      "object_id": "17",
      "object_repr": "CartOrder object (17)",
      "action_flag": 3,
      "change_message": ""
    }
  },
  {
    "model": "admin.logentry",
    "pk": 153,
    "fields": {
      "action_time": "2022-11-14T17:34:25.128Z",
      "user": ["desphixs@gmail.com"],
      "content_type": ["core", "cartorder"],
      "object_id": "16",
      "object_repr": "CartOrder object (16)",
      "action_flag": 3,
      "change_message": ""
    }
  },
  {
    "model": "admin.logentry",
    "pk": 154,
    "fields": {
      "action_time": "2022-11-14T17:34:25.240Z",
      "user": ["desphixs@gmail.com"],
      "content_type": ["core", "cartorder"],
      "object_id": "15",
      "object_repr": "CartOrder object (15)",
      "action_flag": 3,
      "change_message": ""
    }
  },
  {
    "model": "admin.logentry",
    "pk": 155,
    "fields": {
      "action_time": "2022-11-14T17:34:25.317Z",
      "user": ["desphixs@gmail.com"],
      "content_type": ["core", "cartorder"],
      "object_id": "14",
      "object_repr": "CartOrder object (14)",
      "action_flag": 3,
      "change_message": ""
    }
  },
  {
    "model": "admin.logentry",
    "pk": 156,
    "fields": {
      "action_time": "2022-11-14T17:34:25.417Z",
      "user": ["desphixs@gmail.com"],
      "content_type": ["core", "cartorder"],
      "object_id": "13",
      "object_repr": "CartOrder object (13)",
      "action_flag": 3,
      "change_message": ""
    }
  },
  {
    "model": "admin.logentry",
    "pk": 157,
    "fields": {
      "action_time": "2022-11-14T17:34:25.506Z",
      "user": ["desphixs@gmail.com"],
      "content_type": ["core", "cartorder"],
      "object_id": "12",
      "object_repr": "CartOrder object (12)",
      "action_flag": 3,
      "change_message": ""
    }
  },
  {
    "model": "admin.logentry",
    "pk": 158,
    "fields": {
      "action_time": "2022-11-14T17:34:25.606Z",
      "user": ["desphixs@gmail.com"],
      "content_type": ["core", "cartorder"],
      "object_id": "11",
      "object_repr": "CartOrder object (11)",
      "action_flag": 3,
      "change_message": ""
    }
  },
  {
    "model": "admin.logentry",
    "pk": 159,
    "fields": {
      "action_time": "2022-11-14T17:34:25.755Z",
      "user": ["desphixs@gmail.com"],
      "content_type": ["core", "cartorder"],
      "object_id": "10",
      "object_repr": "CartOrder object (10)",
      "action_flag": 3,
      "change_message": ""
    }
  },
  {
    "model": "admin.logentry",
    "pk": 160,
    "fields": {
      "action_time": "2022-11-14T17:34:25.940Z",
      "user": ["desphixs@gmail.com"],
      "content_type": ["core", "cartorder"],
      "object_id": "9",
      "object_repr": "CartOrder object (9)",
      "action_flag": 3,
      "change_message": ""
    }
  },
  {
    "model": "admin.logentry",
    "pk": 161,
    "fields": {
      "action_time": "2022-11-14T17:34:26.167Z",
      "user": ["desphixs@gmail.com"],
      "content_type": ["core", "cartorder"],
      "object_id": "8",
      "object_repr": "CartOrder object (8)",
      "action_flag": 3,
      "change_message": ""
    }
  },
  {
    "model": "admin.logentry",
    "pk": 162,
    "fields": {
      "action_time": "2022-11-14T17:34:26.333Z",
      "user": ["desphixs@gmail.com"],
      "content_type": ["core", "cartorder"],
      "object_id": "7",
      "object_repr": "CartOrder object (7)",
      "action_flag": 3,
      "change_message": ""
    }
  },
  {
    "model": "admin.logentry",
    "pk": 163,
    "fields": {
      "action_time": "2022-11-14T17:34:26.495Z",
      "user": ["desphixs@gmail.com"],
      "content_type": ["core", "cartorder"],
      "object_id": "6",
      "object_repr": "CartOrder object (6)",
      "action_flag": 3,
      "change_message": ""
    }
  },
  {
    "model": "admin.logentry",
    "pk": 164,
    "fields": {
      "action_time": "2022-11-14T17:34:26.661Z",
      "user": ["desphixs@gmail.com"],
      "content_type": ["core", "cartorder"],
      "object_id": "5",
      "object_repr": "CartOrder object (5)",
      "action_flag": 3,
      "change_message": ""
    }
  },
  {
    "model": "admin.logentry",
    "pk": 165,
    "fields": {
      "action_time": "2022-11-14T17:34:26.784Z",
      "user": ["desphixs@gmail.com"],
      "content_type": ["core", "cartorder"],
      "object_id": "2",
      "object_repr": "CartOrder object (2)",
      "action_flag": 3,
      "change_message": ""
    }
  },
  {
    "model": "admin.logentry",
    "pk": 166,
    "fields": {
      "action_time": "2022-11-14T17:35:38.493Z",
      "user": ["desphixs@gmail.com"],
      "content_type": ["core", "cartorderproducts"],
      "object_id": "60",
      "object_repr": "CartOrderProducts object (60)",
      "action_flag": 3,
      "change_message": ""
    }
  },
  {
    "model": "admin.logentry",
    "pk": 167,
    "fields": {
      "action_time": "2022-11-14T17:35:38.598Z",
      "user": ["desphixs@gmail.com"],
      "content_type": ["core", "cartorderproducts"],
      "object_id": "59",
      "object_repr": "CartOrderProducts object (59)",
      "action_flag": 3,
      "change_message": ""
    }
  },
  {
    "model": "admin.logentry",
    "pk": 168,
    "fields": {
      "action_time": "2022-11-14T17:35:38.752Z",
      "user": ["desphixs@gmail.com"],
      "content_type": ["core", "cartorderproducts"],
      "object_id": "58",
      "object_repr": "CartOrderProducts object (58)",
      "action_flag": 3,
      "change_message": ""
    }
  },
  {
    "model": "admin.logentry",
    "pk": 169,
    "fields": {
      "action_time": "2022-11-14T17:35:38.853Z",
      "user": ["desphixs@gmail.com"],
      "content_type": ["core", "cartorderproducts"],
      "object_id": "12",
      "object_repr": "CartOrderProducts object (12)",
      "action_flag": 3,
      "change_message": ""
    }
  },
  {
    "model": "admin.logentry",
    "pk": 170,
    "fields": {
      "action_time": "2022-11-14T17:35:38.964Z",
      "user": ["desphixs@gmail.com"],
      "content_type": ["core", "cartorderproducts"],
      "object_id": "11",
      "object_repr": "CartOrderProducts object (11)",
      "action_flag": 3,
      "change_message": ""
    }
  },
  {
    "model": "admin.logentry",
    "pk": 171,
    "fields": {
      "action_time": "2022-11-14T17:35:39.064Z",
      "user": ["desphixs@gmail.com"],
      "content_type": ["core", "cartorderproducts"],
      "object_id": "10",
      "object_repr": "CartOrderProducts object (10)",
      "action_flag": 3,
      "change_message": ""
    }
  },
  {
    "model": "admin.logentry",
    "pk": 172,
    "fields": {
      "action_time": "2022-11-14T17:35:39.164Z",
      "user": ["desphixs@gmail.com"],
      "content_type": ["core", "cartorderproducts"],
      "object_id": "9",
      "object_repr": "CartOrderProducts object (9)",
      "action_flag": 3,
      "change_message": ""
    }
  },
  {
    "model": "admin.logentry",
    "pk": 173,
    "fields": {
      "action_time": "2022-11-14T17:35:39.287Z",
      "user": ["desphixs@gmail.com"],
      "content_type": ["core", "cartorderproducts"],
      "object_id": "8",
      "object_repr": "CartOrderProducts object (8)",
      "action_flag": 3,
      "change_message": ""
    }
  },
  {
    "model": "admin.logentry",
    "pk": 174,
    "fields": {
      "action_time": "2022-11-14T17:35:39.397Z",
      "user": ["desphixs@gmail.com"],
      "content_type": ["core", "cartorderproducts"],
      "object_id": "4",
      "object_repr": "CartOrderProducts object (4)",
      "action_flag": 3,
      "change_message": ""
    }
  },
  {
    "model": "admin.logentry",
    "pk": 175,
    "fields": {
      "action_time": "2022-11-14T17:35:39.575Z",
      "user": ["desphixs@gmail.com"],
      "content_type": ["core", "cartorderproducts"],
      "object_id": "3",
      "object_repr": "CartOrderProducts object (3)",
      "action_flag": 3,
      "change_message": ""
    }
  },
  {
    "model": "admin.logentry",
    "pk": 176,
    "fields": {
      "action_time": "2022-11-14T17:35:39.675Z",
      "user": ["desphixs@gmail.com"],
      "content_type": ["core", "cartorderproducts"],
      "object_id": "2",
      "object_repr": "CartOrderProducts object (2)",
      "action_flag": 3,
      "change_message": ""
    }
  },
  {
    "model": "admin.logentry",
    "pk": 177,
    "fields": {
      "action_time": "2022-11-14T17:35:39.797Z",
      "user": ["desphixs@gmail.com"],
      "content_type": ["core", "cartorderproducts"],
      "object_id": "1",
      "object_repr": "CartOrderProducts object (1)",
      "action_flag": 3,
      "change_message": ""
    }
  },
  {
    "model": "admin.logentry",
    "pk": 178,
    "fields": {
      "action_time": "2022-11-14T17:35:48.404Z",
      "user": ["desphixs@gmail.com"],
      "content_type": ["core", "cartorder"],
      "object_id": "20",
      "object_repr": "CartOrder object (20)",
      "action_flag": 3,
      "change_message": ""
    }
  },
  {
    "model": "admin.logentry",
    "pk": 179,
    "fields": {
      "action_time": "2022-11-14T17:35:48.531Z",
      "user": ["desphixs@gmail.com"],
      "content_type": ["core", "cartorder"],
      "object_id": "4",
      "object_repr": "CartOrder object (4)",
      "action_flag": 3,
      "change_message": ""
    }
  },
  {
    "model": "admin.logentry",
    "pk": 180,
    "fields": {
      "action_time": "2022-11-14T17:35:48.631Z",
      "user": ["desphixs@gmail.com"],
      "content_type": ["core", "cartorder"],
      "object_id": "3",
      "object_repr": "CartOrder object (3)",
      "action_flag": 3,
      "change_message": ""
    }
  },
  {
    "model": "admin.logentry",
    "pk": 181,
    "fields": {
      "action_time": "2022-11-14T17:35:48.741Z",
      "user": ["desphixs@gmail.com"],
      "content_type": ["core", "cartorder"],
      "object_id": "1",
      "object_repr": "CartOrder object (1)",
      "action_flag": 3,
      "change_message": ""
    }
  },
  {
    "model": "admin.logentry",
    "pk": 182,
    "fields": {
      "action_time": "2022-11-14T17:37:11.940Z",
      "user": ["desphixs@gmail.com"],
      "content_type": ["core", "cartorder"],
      "object_id": "1",
      "object_repr": "CartOrder object (1)",
      "action_flag": 3,
      "change_message": ""
    }
  },
  {
    "model": "admin.logentry",
    "pk": 183,
    "fields": {
      "action_time": "2022-11-16T12:00:03.011Z",
      "user": ["desphixs@gmail.com"],
      "content_type": ["core", "cartorder"],
      "object_id": "2",
      "object_repr": "CartOrder object (2)",
      "action_flag": 2,
      "change_message": "[{\"changed\": {\"fields\": [\"Paid status\", \"Order date\"]}}]"
    }
  },
  {
    "model": "admin.logentry",
    "pk": 184,
    "fields": {
      "action_time": "2022-11-16T12:08:51.634Z",
      "user": ["desphixs@gmail.com"],
      "content_type": ["core", "cartorder"],
      "object_id": "4",
      "object_repr": "CartOrder object (4)",
      "action_flag": 2,
      "change_message": "[{\"changed\": {\"fields\": [\"Product status\", \"Order date\"]}}]"
    }
  },
  {
    "model": "admin.logentry",
    "pk": 185,
    "fields": {
      "action_time": "2022-11-16T12:08:51.974Z",
      "user": ["desphixs@gmail.com"],
      "content_type": ["core", "cartorder"],
      "object_id": "3",
      "object_repr": "CartOrder object (3)",
      "action_flag": 2,
      "change_message": "[{\"changed\": {\"fields\": [\"Product status\", \"Order date\"]}}]"
    }
  },
  {
    "model": "admin.logentry",
    "pk": 186,
    "fields": {
      "action_time": "2022-11-16T12:08:52.241Z",
      "user": ["desphixs@gmail.com"],
      "content_type": ["core", "cartorder"],
      "object_id": "2",
      "object_repr": "CartOrder object (2)",
      "action_flag": 2,
      "change_message": "[{\"changed\": {\"fields\": [\"Order date\"]}}]"
    }
  },
  {
    "model": "admin.logentry",
    "pk": 187,
    "fields": {
      "action_time": "2022-11-16T12:16:18.702Z",
      "user": ["desphixs@gmail.com"],
      "content_type": ["core", "cartorder"],
      "object_id": "6",
      "object_repr": "CartOrder object (6)",
      "action_flag": 2,
      "change_message": "[{\"changed\": {\"fields\": [\"Product status\", \"Order date\"]}}]"
    }
  },
  {
    "model": "admin.logentry",
    "pk": 188,
    "fields": {
      "action_time": "2022-11-16T12:16:18.935Z",
      "user": ["desphixs@gmail.com"],
      "content_type": ["core", "cartorder"],
      "object_id": "5",
      "object_repr": "CartOrder object (5)",
      "action_flag": 2,
      "change_message": "[{\"changed\": {\"fields\": [\"Product status\", \"Order date\"]}}]"
    }
  },
  {
    "model": "admin.logentry",
    "pk": 189,
    "fields": {
      "action_time": "2022-11-16T12:16:48.780Z",
      "user": ["desphixs@gmail.com"],
      "content_type": ["core", "cartorder"],
      "object_id": "7",
      "object_repr": "CartOrder object (7)",
      "action_flag": 2,
      "change_message": "[{\"changed\": {\"fields\": [\"Order date\"]}}]"
    }
  },
  {
    "model": "admin.logentry",
    "pk": 190,
    "fields": {
      "action_time": "2022-11-16T12:19:06.743Z",
      "user": ["desphixs@gmail.com"],
      "content_type": ["core", "cartorder"],
      "object_id": "8",
      "object_repr": "CartOrder object (8)",
      "action_flag": 1,
      "change_message": "[{\"added\": {}}]"
    }
  },
  {
    "model": "admin.logentry",
    "pk": 191,
    "fields": {
      "action_time": "2022-11-16T12:19:27.753Z",
      "user": ["desphixs@gmail.com"],
      "content_type": ["core", "cartorder"],
      "object_id": "9",
      "object_repr": "CartOrder object (9)",
      "action_flag": 1,
      "change_message": "[{\"added\": {}}]"
    }
  },
  {
    "model": "admin.logentry",
    "pk": 192,
    "fields": {
      "action_time": "2022-11-16T19:09:35.017Z",
      "user": ["desphixs@gmail.com"],
      "content_type": ["core", "cartorder"],
      "object_id": "9",
      "object_repr": "CartOrder object (9)",
      "action_flag": 2,
      "change_message": "[{\"changed\": {\"fields\": [\"Sku\"]}}]"
    }
  },
  {
    "model": "admin.logentry",
    "pk": 193,
    "fields": {
      "action_time": "2022-11-16T19:09:35.282Z",
      "user": ["desphixs@gmail.com"],
      "content_type": ["core", "cartorder"],
      "object_id": "8",
      "object_repr": "CartOrder object (8)",
      "action_flag": 2,
      "change_message": "[{\"changed\": {\"fields\": [\"Sku\"]}}]"
    }
  },
  {
    "model": "admin.logentry",
    "pk": 194,
    "fields": {
      "action_time": "2022-11-16T19:09:35.460Z",
      "user": ["desphixs@gmail.com"],
      "content_type": ["core", "cartorder"],
      "object_id": "7",
      "object_repr": "CartOrder object (7)",
      "action_flag": 2,
      "change_message": "[{\"changed\": {\"fields\": [\"Sku\"]}}]"
    }
  },
  {
    "model": "admin.logentry",
    "pk": 195,
    "fields": {
      "action_time": "2022-11-16T19:09:35.637Z",
      "user": ["desphixs@gmail.com"],
      "content_type": ["core", "cartorder"],
      "object_id": "6",
      "object_repr": "CartOrder object (6)",
      "action_flag": 2,
      "change_message": "[{\"changed\": {\"fields\": [\"Sku\"]}}]"
    }
  },
  {
    "model": "admin.logentry",
    "pk": 196,
    "fields": {
      "action_time": "2022-11-16T19:09:35.826Z",
      "user": ["desphixs@gmail.com"],
      "content_type": ["core", "cartorder"],
      "object_id": "5",
      "object_repr": "CartOrder object (5)",
      "action_flag": 2,
      "change_message": "[{\"changed\": {\"fields\": [\"Sku\"]}}]"
    }
  },
  {
    "model": "admin.logentry",
    "pk": 197,
    "fields": {
      "action_time": "2022-11-16T19:09:36.083Z",
      "user": ["desphixs@gmail.com"],
      "content_type": ["core", "cartorder"],
      "object_id": "4",
      "object_repr": "CartOrder object (4)",
      "action_flag": 2,
      "change_message": "[{\"changed\": {\"fields\": [\"Sku\"]}}]"
    }
  },
  {
    "model": "admin.logentry",
    "pk": 198,
    "fields": {
      "action_time": "2022-11-16T19:09:36.250Z",
      "user": ["desphixs@gmail.com"],
      "content_type": ["core", "cartorder"],
      "object_id": "3",
      "object_repr": "CartOrder object (3)",
      "action_flag": 2,
      "change_message": "[{\"changed\": {\"fields\": [\"Sku\"]}}]"
    }
  },
  {
    "model": "admin.logentry",
    "pk": 199,
    "fields": {
      "action_time": "2022-11-16T19:09:36.450Z",
      "user": ["desphixs@gmail.com"],
      "content_type": ["core", "cartorder"],
      "object_id": "2",
      "object_repr": "CartOrder object (2)",
      "action_flag": 2,
      "change_message": "[{\"changed\": {\"fields\": [\"Sku\"]}}]"
    }
  },
  {
    "model": "admin.logentry",
    "pk": 200,
    "fields": {
      "action_time": "2022-11-16T21:58:16.869Z",
      "user": ["desphixs@gmail.com"],
      "content_type": ["core", "product"],
      "object_id": "19",
      "object_repr": "Hic non voluptates e",
      "action_flag": 2,
      "change_message": "[{\"changed\": {\"fields\": [\"Vendor\", \"Description\", \"Tags\"]}}]"
    }
  },
  {
    "model": "admin.logentry",
    "pk": 201,
    "fields": {
      "action_time": "2022-11-16T22:28:40.843Z",
      "user": ["desphixs@gmail.com"],
      "content_type": ["taggit", "tag"],
      "object_id": "25",
      "object_repr": "Ab",
      "action_flag": 3,
      "change_message": ""
    }
  },
  {
    "model": "admin.logentry",
    "pk": 202,
    "fields": {
      "action_time": "2022-11-16T22:28:40.948Z",
      "user": ["desphixs@gmail.com"],
      "content_type": ["taggit", "tag"],
      "object_id": "29",
      "object_repr": "I",
      "action_flag": 3,
      "change_message": ""
    }
  },
  {
    "model": "admin.logentry",
    "pk": 203,
    "fields": {
      "action_time": "2022-11-16T22:28:41.036Z",
      "user": ["desphixs@gmail.com"],
      "content_type": ["taggit", "tag"],
      "object_id": "32",
      "object_repr": "a",
      "action_flag": 3,
      "change_message": ""
    }
  },
  {
    "model": "admin.logentry",
    "pk": 204,
    "fields": {
      "action_time": "2022-11-16T22:28:41.162Z",
      "user": ["desphixs@gmail.com"],
      "content_type": ["taggit", "tag"],
      "object_id": "26",
      "object_repr": "aliquid",
      "action_flag": 3,
      "change_message": ""
    }
  },
  {
    "model": "admin.logentry",
    "pk": 205,
    "fields": {
      "action_time": "2022-11-16T22:28:41.259Z",
      "user": ["desphixs@gmail.com"],
      "content_type": ["taggit", "tag"],
      "object_id": "24",
      "object_repr": "bbq",
      "action_flag": 3,
      "change_message": ""
    }
  },
  {
    "model": "admin.logentry",
    "pk": 206,
    "fields": {
      "action_time": "2022-11-16T22:28:41.370Z",
      "user": ["desphixs@gmail.com"],
      "content_type": ["taggit", "tag"],
      "object_id": "20",
      "object_repr": "beef",
      "action_flag": 3,
      "change_message": ""
    }
  },
  {
    "model": "admin.logentry",
    "pk": 207,
    "fields": {
      "action_time": "2022-11-16T22:28:41.547Z",
      "user": ["desphixs@gmail.com"],
      "content_type": ["taggit", "tag"],
      "object_id": "39",
      "object_repr": "c",
      "action_flag": 3,
      "change_message": ""
    }
  },
  {
    "model": "admin.logentry",
    "pk": 208,
    "fields": {
      "action_time": "2022-11-16T22:28:41.738Z",
      "user": ["desphixs@gmail.com"],
      "content_type": ["taggit", "tag"],
      "object_id": "31",
      "object_repr": "e",
      "action_flag": 3,
      "change_message": ""
    }
  },
  {
    "model": "admin.logentry",
    "pk": 209,
    "fields": {
      "action_time": "2022-11-16T22:28:41.848Z",
      "user": ["desphixs@gmail.com"],
      "content_type": ["taggit", "tag"],
      "object_id": "44",
      "object_repr": "h",
      "action_flag": 3,
      "change_message": ""
    }
  },
  {
    "model": "admin.logentry",
    "pk": 210,
    "fields": {
      "action_time": "2022-11-16T22:28:41.936Z",
      "user": ["desphixs@gmail.com"],
      "content_type": ["taggit", "tag"],
      "object_id": "41",
      "object_repr": "i",
      "action_flag": 3,
      "change_message": ""
    }
  },
  {
    "model": "admin.logentry",
    "pk": 211,
    "fields": {
      "action_time": "2022-11-16T22:28:42.036Z",
      "user": ["desphixs@gmail.com"],
      "content_type": ["taggit", "tag"],
      "object_id": "35",
      "object_repr": "n",
      "action_flag": 3,
      "change_message": ""
    }
  },
  {
    "model": "admin.logentry",
    "pk": 212,
    "fields": {
      "action_time": "2022-11-16T22:28:42.214Z",
      "user": ["desphixs@gmail.com"],
      "content_type": ["taggit", "tag"],
      "object_id": "43",
      "object_repr": "o",
      "action_flag": 3,
      "change_message": ""
    }
  },
  {
    "model": "admin.logentry",
    "pk": 213,
    "fields": {
      "action_time": "2022-11-16T22:28:42.392Z",
      "user": ["desphixs@gmail.com"],
      "content_type": ["taggit", "tag"],
      "object_id": "30",
      "object_repr": "p",
      "action_flag": 3,
      "change_message": ""
    }
  },
  {
    "model": "admin.logentry",
    "pk": 214,
    "fields": {
      "action_time": "2022-11-16T22:28:42.504Z",
      "user": ["desphixs@gmail.com"],
      "content_type": ["taggit", "tag"],
      "object_id": "34",
      "object_repr": "r",
      "action_flag": 3,
      "change_message": ""
    }
  },
  {
    "model": "admin.logentry",
    "pk": 215,
    "fields": {
      "action_time": "2022-11-16T22:28:42.592Z",
      "user": ["desphixs@gmail.com"],
      "content_type": ["taggit", "tag"],
      "object_id": "40",
      "object_repr": "t",
      "action_flag": 3,
      "change_message": ""
    }
  },
  {
    "model": "admin.logentry",
    "pk": 216,
    "fields": {
      "action_time": "2022-11-16T22:28:42.759Z",
      "user": ["desphixs@gmail.com"],
      "content_type": ["taggit", "tag"],
      "object_id": "33",
      "object_repr": "u",
      "action_flag": 3,
      "change_message": ""
    }
  },
  {
    "model": "admin.logentry",
    "pk": 217,
    "fields": {
      "action_time": "2022-11-16T22:28:42.926Z",
      "user": ["desphixs@gmail.com"],
      "content_type": ["taggit", "tag"],
      "object_id": "28",
      "object_repr": "v",
      "action_flag": 3,
      "change_message": ""
    }
  },
  {
    "model": "admin.logentry",
    "pk": 218,
    "fields": {
      "action_time": "2022-11-16T22:29:36.622Z",
      "user": ["desphixs@gmail.com"],
      "content_type": ["taggit", "tag"],
      "object_id": "37",
      "object_repr": " ",
      "action_flag": 3,
      "change_message": ""
    }
  },
  {
    "model": "admin.logentry",
    "pk": 219,
    "fields": {
      "action_time": "2022-11-16T22:30:17.654Z",
      "user": ["desphixs@gmail.com"],
      "content_type": ["taggit", "tag"],
      "object_id": "42",
      "object_repr": "beg",
      "action_flag": 3,
      "change_message": ""
    }
  },
  {
    "model": "admin.logentry",
    "pk": 220,
    "fields": {
      "action_time": "2022-11-16T22:30:17.740Z",
      "user": ["desphixs@gmail.com"],
      "content_type": ["taggit", "tag"],
      "object_id": "27",
      "object_repr": "dolorum",
      "action_flag": 3,
      "change_message": ""
    }
  },
  {
    "model": "admin.logentry",
    "pk": 221,
    "fields": {
      "action_time": "2022-11-16T22:30:17.819Z",
      "user": ["desphixs@gmail.com"],
      "content_type": ["taggit", "tag"],
      "object_id": "23",
      "object_repr": "grilled",
      "action_flag": 3,
      "change_message": ""
    }
  },
  {
    "model": "admin.logentry",
    "pk": 222,
    "fields": {
      "action_time": "2022-11-16T22:30:17.918Z",
      "user": ["desphixs@gmail.com"],
      "content_type": ["taggit", "tag"],
      "object_id": "22",
      "object_repr": "homemade",
      "action_flag": 3,
      "change_message": ""
    }
  },
  {
    "model": "admin.logentry",
    "pk": 223,
    "fields": {
      "action_time": "2022-11-16T22:30:18.019Z",
      "user": ["desphixs@gmail.com"],
      "content_type": ["taggit", "tag"],
      "object_id": "36",
      "object_repr": "l",
      "action_flag": 3,
      "change_message": ""
    }
  },
  {
    "model": "admin.logentry",
    "pk": 224,
    "fields": {
      "action_time": "2022-11-16T22:30:18.186Z",
      "user": ["desphixs@gmail.com"],
      "content_type": ["taggit", "tag"],
      "object_id": "38",
      "object_repr": "m",
      "action_flag": 3,
      "change_message": ""
    }
  },
  {
    "model": "admin.logentry",
    "pk": 225,
    "fields": {
      "action_time": "2022-11-16T22:43:04.202Z",
      "user": ["desphixs@gmail.com"],
      "content_type": ["userauths", "contactus"],
      "object_id": "5",
      "object_repr": "Lunea Faulkner",
      "action_flag": 3,
      "change_message": ""
    }
  },
  {
    "model": "admin.logentry",
    "pk": 226,
    "fields": {
      "action_time": "2022-11-16T22:43:04.357Z",
      "user": ["desphixs@gmail.com"],
      "content_type": ["userauths", "contactus"],
      "object_id": "4",
      "object_repr": "Rana Crawford",
      "action_flag": 3,
      "change_message": ""
    }
  },
  {
    "model": "admin.logentry",
    "pk": 227,
    "fields": {
      "action_time": "2022-11-16T22:43:04.535Z",
      "user": ["desphixs@gmail.com"],
      "content_type": ["userauths", "contactus"],
      "object_id": "3",
      "object_repr": "Madeline Kinney",
      "action_flag": 3,
      "change_message": ""
    }
  },
  {
    "model": "admin.logentry",
    "pk": 228,
    "fields": {
      "action_time": "2022-11-16T22:43:04.648Z",
      "user": ["desphixs@gmail.com"],
      "content_type": ["userauths", "contactus"],
      "object_id": "2",
      "object_repr": "Tasha Morrison",
      "action_flag": 3,
      "change_message": ""
    }
  },
  {
    "model": "admin.logentry",
    "pk": 229,
    "fields": {
      "action_time": "2022-11-16T22:43:04.746Z",
      "user": ["desphixs@gmail.com"],
      "content_type": ["userauths", "contactus"],
      "object_id": "1",
      "object_repr": "Stewart Guy",
      "action_flag": 3,
      "change_message": ""
    }
  },
  {
    "model": "admin.logentry",
    "pk": 230,
    "fields": {
      "action_time": "2022-11-16T22:45:10.605Z",
      "user": ["desphixs@gmail.com"],
      "content_type": ["userauths", "profile"],
      "object_id": "1",
      "object_repr": "destiny - Destiny Franks - Software Enginner",
      "action_flag": 2,
      "change_message": "[{\"changed\": {\"fields\": [\"Verified\"]}}]"
    }
  },
  {
    "model": "admin.logentry",
    "pk": 231,
    "fields": {
      "action_time": "2022-11-16T22:58:21.414Z",
      "user": ["desphixs@gmail.com"],
      "content_type": ["core", "cartorder"],
      "object_id": "12",
      "object_repr": "CartOrder object (12)",
      "action_flag": 2,
      "change_message": "[{\"changed\": {\"fields\": [\"Paid status\"]}}]"
    }
  },
  {
    "model": "admin.logentry",
    "pk": 232,
    "fields": {
      "action_time": "2022-11-16T23:02:14.790Z",
      "user": ["desphixs@gmail.com"],
      "content_type": ["core", "product"],
      "object_id": "20",
      "object_repr": "Fugiat ratione et re",
      "action_flag": 2,
      "change_message": "[{\"changed\": {\"fields\": [\"Featured\", \"Product status\"]}}]"
    }
  }
]
